{"x":60802221.70858729,"y":17572606.14365022}
