{"voluptate_d99":"ut quis id","laboris_de":-8369285,"officia5f7":-77209057.17942385,"nullab":28624407,"minim_e_2":-30225689.960468844}
