{"walls":[[[31123000.178323105,43447142.97761518],[19067993.78973396,10224428.294140652],[-45011167.088891566,9895153.41452463],[21452509.744533226,68281653.76802135]],[[61204554.59542331,-69942525.20852408],[55924028.411239415,-92161728.55569825],[-49006769.65198345,72786255.04297808],[-15696780.51686582,30495791.57513444],[95304248.32645208,72037043.92654306]],[[-35289818.39886538,75367314.99899471]],[[-62740539.262065955,-93962998.40587737],[-15243624.813961267,-96027015.67959695]],[[-59963577.68445266,72837104.37422046]]],"headline":[[63023681.109698504,-64741404.55867285],[-52304892.54525366,40013797.82874569]],"finish":[[82098118.97655424,-46091610.98022323],[85296180.87859485,67163936.85442194]],"max_time":-55597805.97678885,"size":[-50378966,46617455],"cars":[[35551563.49121332,16004624.950200126,8283393.402140543],[85715451.91502857,-75640721.1171144,-40034824.763945535],[54289949.33714694,-83612159.22260432,-14025598.808002785],[98324254.80622512,83063593.7526421,-57121226.05976235]]}
