{"totalElements":78120397.85421452,"requestElements":-31626951.798684597,"requestPage":24832729.594864756,"elementsInPage":false,"isFirstPage":false,"totalPages":-31514857.24415934,"keyVisible":-62734290.548595876,"isLastPage":true,"keysOfPages":[-98215741.12697129,-45146399.83903623,71381822.14712295,-64653475.55126808,44622929.34706223]}
