{"personalSettings":{"name":"ut do","reprehenderit23":true,"elit_06":81828412,"consectetura":-45862565,"officia_d":19607517,"sint_f3c":90667277.37646922,"Excepteur_3":5229403.940186024,"Excepteur4_b":29900199}}
