{"dolor930":true,"est93":"aute in cillum sit","proident0f":-49016391.06439863,"minimd":34600827,"sunt_ab":"in quis","ipsum8db":-57293474,"nostrud_aa":-80509819.01114792,"ullamco_2":-61997355.91644697,"consectetur_e4b":false}
