{"round":"sit","mustDivideBy100":false,"minimumIntegerDigits":88844191.17529604,"emptyPlaceholder":"do aliquip","maximumFractionDigits":30528148.722375676,"minimumFractionDigits":49698499.838715225,"useGrouping":false,"minimumSignificantDigits":-6502131.442664847,"maximumSignificantDigits":26437897.371165022}
