{"GQU@~CW8@g":{"channels":8,"displayName":"eu veniam Lorem","defaultAspirateFlowRate":{"value":50597723.86018684,"min":31228288.056796517,"max":97532787.53943098},"defaultDispenseFlowRate":{"value":41947196.29523118,"min":71069909.9693989,"max":18528103.175799116},"defaultBlowOutFlowRate":{"value":23027737.458650433,"min":43754284.34562043,"max":70434701.37897079},"maxVolume":{},"minVolume":{},"smoothieConfigs":{"stepsPerMM":69262761.11777398,"travelDistance":-41890945.3728197,"homePosition":-33569317.33382895,"dod89":-14181366.892152831}},"MRyd?P,2;7":{"channels":8,"displayName":"labore aliqua","defaultAspirateFlowRate":{"value":78468121.6962297,"min":91251.70158477136,"max":27403802.377407003},"defaultDispenseFlowRate":{"value":4078427.535640028,"min":66332756.243444905,"max":67109847.46210805},"defaultBlowOutFlowRate":{"value":85743950.00540508,"min":28293099.633112993,"max":72200860.60602458},"maxVolume":{},"minVolume":{}},"q'~xY:":{"channels":1,"displayName":"officia consectetur minim","defaultAspirateFlowRate":{"value":36892469.97295732,"min":97498229.26787901,"max":53340222.65832803},"defaultDispenseFlowRate":{"value":78101035.52857235,"min":60002134.31682302,"max":18531232.37856038},"defaultBlowOutFlowRate":{"value":58095885.9216,"min":63534121.39054533,"max":28225198.050612856},"maxVolume":{},"minVolume":{},"displayCategory":"GEN2","smoothieConfigs":{"travelDistance":-14902407.071924627,"stepsPerMM":-10875054.37559551,"homePosition":80680465.11539495}}}
