{"$otSharedSchema":"aute","moduleType":"magneticModuleType","model":"temperatureModuleV6791014","labwareOffset":{"x":-29216306.05839236,"y":30560032.811740533,"z":95315147.1473335},"dimensions":{"bareOverallHeight":12145693.701850131,"overLabwareHeight":35599343.26415455,"lidHeight":56426236.97766712},"calibrationPoint":{"x":9113553.033425063,"y":69549620.39051303,"z":-53370322.93759232},"displayName":"est","quirks":["sed irure"],"slotTransforms":{"J{R:rB":{"nulla6":53429098,"ullamco1b":-1589782},";#M>hm":{"officia92":false,"nostrud_f":72430705,"dolor_b":false,"mollit_b":19613432}},"compatibleWith":["sunt dolore Excepteur commodo exercitation","commodo ut sint","labore anim","id adipisicing aliqua"]}
