{"meta:word-count":"do ut","aliquip_4":17508128,"nulla7":-48941361.77002708,"Excepteur_d08":false,"ea584":77853461.29212987}
