{"ut_b0":true,"in6":91278912.62439376,"ut607":"Excepteur consectetur","adipisicing_4":16645252.786831573,"laborum_903":"ullamco","dolor_1":-78055852.50099164,"labore33":55788969}
