{"5":{"labwareOffset":{"x":52473634.9581863,"y":20857513.8343281,"z":-10282536.288045034},"dimensions":{"bareOverallHeight":11050044.28985636,"overLabwareHeight":63729926.09076163,"lidHeight":-65508521.76082991},"calibrationPoint":{"x":-71259184.87987769,"y":6606307.449094921},"displayName":"irure ullamco laboris exercitation","loadName":"ex","quirks":["irure"]},"WK6L^>zx^":{"labwareOffset":{"x":28921259.038872734,"y":41210593.34636071,"z":11529685.470356062},"dimensions":{"bareOverallHeight":-75463585.09102453,"overLabwareHeight":4669535.8542134315,"lidHeight":-59767588.0485943},"calibrationPoint":{"x":-80110829.34881553,"y":22604532.52595003},"displayName":"consequat aute esse consectetur","loadName":"aliqua laboris nostrud sint ut","quirks":["anim dolore nulla laborum aute","mollit et aute qui","cillum enim pariatur tempor","in culpa Ut nostrud aliquip","ut nulla officia irure"]}}
