{"aliqua_b":68381460,"exercitation_9":14784527.456017971,"Ut143":32086646.50465916}
