{"optimizationMetrics":{"energyMetering":{"fy19Planned":779.0684067120969,"fy20Planned":825.2709068832191,"explanationForUnmetPlannedValues":"voluptate qui dolore"},"virtualization":{"fy19Planned":14650.426696007646,"fy20Planned":32705.50661483951,"explanationForUnmetPlannedValues":"Ut Duis"},"underutilizedServers":{"fy19Planned":54896.57612459613,"fy20Planned":53845.448083304625,"explanationForUnmetPlannedValues":"Ut in","methodology":"labore non sint Duis"},"availability":{"fy19Planned":53.81923834875355,"fy20Planned":46.97388924610188,"explanationForUnmetPlannedValues":"aute Ut esse"}},"closures":{"fy16Planned":58141,"fy16Achieved":91529,"fy17Planned":30919,"fy17Achieved":90326,"fy18Planned":26482,"fy18Achieved":47020,"fy19Planned":5806,"fy20Planned":23366,"fy20Achieved":82857,"fy19Achieved":51960,"explanationForUnmetPlannedValues":"irure"},"costSavings":{"fy16Planned":8569.958558204416,"fy16Achieved":25234.346016980104,"fy17Planned":23223.352488683144,"fy18Planned":9090.190230895985,"costsOfClosures":"fugiat","costsOfOptimization":"mollit labore Duis","historicalCostSavings":"ad esse","fy19Planned":21376.471015889063,"explanationForUnmetPlannedValues":"id enim laboris Excepteur aliqua","fy20Achieved":3371.995652888806,"fy18Achieved":14384.251190004536,"fy19Achieved":22428.98356285993,"fy17Achieved":18484.504926738933,"fy20Planned":19711.20610600712}}
