{"NearClip":87830887.81961474,"FarClip":48654198.17533949,"ModelInstanceThreshold":29802323,"PointLights":[{"Position":[42310789.97331491,77885420.68683219,-16395610.701035723],"Range":79857621.9494752,"Color":[97472741.52053902,-3780018.755615309,-46445637.62469529],"AABB_min":[-30683605.177883774,85673617.87324175,-64518103.70383439],"AABB_max":[78375926.34942544,-46547080.18900937,-56613526.52169294],"LinearVelocity":[98930272.16127917,-66497438.99453369,19492537.96496539]},{"NumberOfLights":14074639.17072916,"AABB_min":{"description":"The minimum range of the light movement/initial placement. Movement will bounce at these boundaries"},"AABB_max":{"description":"The maximum range of the light movement/initial placement. Movement will bounce at these boundaries"},"RangeRange":[46968675.48763394,15569711.574683428],"LinearVelocityMaxRange":[30684978.160106093,-26712616.580623955,-35999758.97088576],"LinearVelocityMinRange":[40011297.69785324,-87106485.21085931,47776296.601323575]}],"Models":[{"Type":"box","Width":88548773.41620882,"Height":51453639.01501867,"Depth":70216927.80955948,"Instances":[[-31600365.483240858,-98341897.6466306,32774710.318275437,-43241217.42604872,92920925.43512163,-78741701.93559892,-72522573.27272092,-46279466.44427801,-33502144.835485302,89133283.84882337,-26668525.22373815,-2835826.2421898246,-60657761.632963546,-81030956.8177983,30233968.485630095,-45202804.278424844],[-4664981.756737456,-46236932.90878688,48396075.064383805,-55672770.58794278,-92982445.87097147,3759877.8110688776,19479014.423698127,-24934399.484624952,-50616937.14880104,-95048776.87762083,-47839105.533891104,-85819236.3096852,-35578846.69008593,8094281.895027682,-68668867.62903413,-31909013.778709024]],"Material":"esse adipisicing consectetur sint sit"},{"Type":"plane","Width":81033131.23374647,"Depth":8798778.04783049,"Instances":[[3978879.4549339414,71649426.11760923,-24357980.63394405,24071887.663661867,29037031.085735038,-3477948.8656573296,7265885.911351427,88519144.38899854,34441490.851490945,-649401.3173673302,-99397496.5080358,-1301383.8106558323,6211900.095242128,27434262.142844096,-8548585.89556539,66844606.73592839]]},{"Type":"sphere","SliceCount":57821703,"StackCount":54306497,"Instances":[[-96544586.07745302,-30394997.658809334,-35909842.00225002,89084910.70266211,-63787256.33689047,77118521.82809862,48632680.14289841,40672323.90167579,-36100092.904677175,-17699133.175093308,91118092.48113102,78692185.25024548,4714550.642751813,-9141466.860568628,-68559816.99392894,-26817011.65915391],[57988758.01908815,76659332.55443034,16814009.667797774,2148639.4449171424,83976149.20715427,-63194196.79860037,15750296.44033052,20165542.04530765,2279056.5199516565,95036074.7521517,-62026875.10937635,85916784.85070351,-59822060.34829924,61064101.82461125,26554140.143619254,-58701101.407911114],[27667145.01178819,50885745.743727654,-21536540.412812233,-55304894.17971269,-88383309.21499677,-36208715.44844046,-75025457.09206565,50900830.278806776,-66827894.31461464,-55323438.11461979,-92135164.76614836,41100896.11688608,-25653555.836698323,-98407294.43977976,90834538.02330413,-17914494.931414098],[-31156930.508789673,4829917.95943822,-45599708.373865426,-397378.49042257667,6137007.197978407,99537277.94897485,11889838.384620026,-31355544.221427143,71891046.024501,85524997.73239973,-61560177.77449243,50135925.07740277,28524907.455741525,-23965835.013469145,1591069.2370494604,17405353.962635487]],"Radius":46663253.15976012,"Material":"sunt laborum"},{"Type":"sphere","SliceCount":96318295,"StackCount":85239450,"Instances":[[-3516365.865804121,-69001338.09998804,-84594957.58664972,22999636.215843067,92078935.6442618,-561640.4191927761,19688155.09779583,-378880.4667378217,98450233.85311773,-46127062.52860273,50097643.85708043,14123179.667983353,-47178195.27119809,9540828.850541592,-90596967.59660354,44300346.87227264],[51068077.32213551,44353.33585651219,28126070.399248973,23299687.52895324,-84482427.49496143,72432787.96981159,-72412325.80072299,-28351386.981185913,52733629.52493915,62567073.93318802,55669255.94303283,29596655.32343045,44955965.42567739,-78348898.15431333,10221986.394144222,72870500.00353429],[-74712639.10491519,-20332254.224189088,90039437.16218546,-21528650.56098245,-79092489.37364727,15219734.40268378,13693215.72108224,35160152.61286029,71261475.20660138,66507354.66634071,-70573802.68899482,-22869954.79853365,-70732703.58161476,-46821093.199017085,66775362.57744667,-79447399.53100428],[-35721322.82786602,-35081519.75657841,-80717918.84105992,460238.30102038383,56454022.27310571,-41317009.57330024,6632329.0706080645,57043410.31520751,-3536052.0677003115,71375217.12790069,-83075892.97676063,60591602.64968094,58546091.88066742,-92695664.04119915,39945326.79506481,-68238912.25537753],[-61234801.81817631,86758363.77203342,92352847.06962639,25009553.99372135,-13442773.279452965,-73961164.09356122,50222791.71619663,-21450697.855426267,14063029.620760396,-5082093.182890773,-31887585.267404497,29866302.79742752,-8202302.028903216,15239292.404713959,19138109.543755367,-66367050.91716824]]},{"Type":"box","Width":19073989.038264517,"Height":54092755.41089098,"Depth":78626685.77126588,"Instances":[[45100133.16026536,93222057.64293951,33543274.181367755,-60978831.69488925,65800316.55184659,50781801.789473265,52731820.03529629,-73883101.05780724,20550214.53388703,-66548119.30428916,34296944.31627527,67229064.48201376,89380015.38764304,7474891.651089698,66494695.739519835,-7787295.195964634],[71945761.76785433,-7492519.279669002,49346139.033919245,57257270.817017466,80111922.40829533,71906637.00868228,8061163.203150287,81063477.84411824,-42582603.830253564,78837568.53016299,3876117.745495081,-41795917.356195785,-22303567.13669379,26653976.558280766,-44015347.32641448,-29803330.038502723]],"Material":"elit qui occaecat magna"}],"DirectionalLight":{"Color":[-98847043.99178182,96907713.88875389,-823199.4225592464],"Direction":[-83812197.49264762,-64521528.17962302,-66530988.828614034],"AngularVelocity":[-2975360.335501477,-94153273.66244392,-91565002.36091873]},"SceneScaleFactor":4268897.397178993,"SpotLights":[{"NumberOfLights":-88041453.0976592,"AABB_min":{"description":"The minimum range of the light movement/initial placement. Movement will bounce at these boundaries"},"AABB_max":{"description":"The maximum range of the light movement/initial placement. Movement will bounce at these boundaries"},"RangeRange":[32846849.869902253,-92124611.7267536],"OuterAngleRange":[-98960094.1515381,-54709317.91561555],"InnerAngleDifference":73905465.58502242,"AngularVelocityMaxRange":[81031079.4031713,40089836.73574197,-42945596.768054314],"LinearVelocityMinRange":[-71219123.09344628,-87611311.81782456,5478445.818272799],"AngularVelocityMinRange":[-84915000.64836358,60445021.22593337,-28044926.929668665],"LinearVelocityMaxRange":[-59899359.32261665,96404323.1546134,-87894039.66532508]}],"Materials":[{"Name":"officia ad id minim nostrud","HMATFilePath":"enim incididunt tempor","TextureDefinitions":[{"FilePath":"et","Sampler":"anisotropic_wrap","dolor6f0":29534826},{"FilePath":"laborum","Sampler":"point_clamp"},{"adb3a":"qui dolore"}]},{"Name":"Excepteur aute veniam nisi","HMATFilePath":"minim sed","TextureDefinitions":[{"FilePath":"exercitation minim sint in dolor","Sampler":"linear_wrap"},{"exercitation_b_7":2670980.3671393245},{"Sampler":"point_clamp","FilePath":"culpa commodo Lorem"},{"FilePath":"dolore elit officia","Sampler":"linear_border","nisi_5":true,"laboris__":-21962667.69644253,"dolore71":false,"Ut7d6":-20111751},{"FilePath":"Lorem qui deserunt anim"}]}]}
