{"aute2d_":-16011290.604402497,"minim066":98379371.17588833,"do_e9":false}
