{"target":"ut","properties":{"*":{"aliquip97":-76145250,"fugiat_5":19287652.392712668,"amet_d5a":21750365.772215962,"eiusmod2":true},"amet5cc":false,"animbf8":-35558620.88076132}}
