{"name":"dolore","organizationId":-29115437,"configurationUi":{"schemaForm":[],"ex_5":false,"nisied":true,"non95":-62881693.38174927,"id0_0":18720049.996090144}}
