{"angle":6264678.706787124,"gain":36.90490042709004}
