{"name":"CBSD_SpectrumInquiry_Request_Optional_Parameters_Mock_SAS_17_Oct_2017","spectrumInquiryOptionalParams":[{"inquiredSpectrum":[{"lowFrequency":3667912317.7461557,"highFrequency":3608919783.3012724},{"lowFrequency":3580842252.215597,"highFrequency":3578485685.311505},{"lowFrequency":3579706003.0665007,"highFrequency":3651493287.003498}],"dolorb":"mollit Ut","ut_e_b":"sit aliqua","sit8f9":true,"euf1":-53146779}]}
