{"5d1j7bl1ikdj":{"cpus":29433513.52232687,"disk":71243730.74376003,"mem":83845586.98635174}}
