{"a":{"fieldInMain":3299208.9871597886},"b":{"fieldInModule1":"ullamco sunt minim sed consectetur"},"c":{"fieldInModule2":-11080950.594846323}}
