{"primitive":"nisi","object":{"propA":-18609847.050269976,"propB":37739658.777567804}}
