{"array1":[],"array2":[24249082.94333878],"boolean1":false,"integer1":58549098,"integer2":-54112231,"number1":13133868.622417748,"object1":{},"object2":{"sunt64":false},"object3":{"est_9":true},"string1":"laboris sed"}
