{"_uniqueItems":true,"anyOf":[],"pattern":".+?","input":{"type":"radio","in_47":-75528385,"incididunt0":true,"proidentfe_":"ut deserunt amet","in_d6":88058347.13990334},"maxLength":20374113,"enumLabels":{"culpa_f":"do pariatur elit","sit818":true},"exclusiveMinimum":-32536118.301830187,"description":"reprehenderit","dependencies":{},"minimum":40934711.44761276,"consectetur_7_":true,"consequat3d":-61927414.03233702,"deserunt_e":19163290,"sunt_6f":"reprehenderit magna ut","irure_f6":-41775851.59644908,"nisi_3d3":"exercitation tempor","enim05":84898050,"ut_0b5":62144590,"mollit05":-89027457,"nostrudc":true,"ut_2":3143461.550792992,"ut__0":-33033758.548928693,"et1":6535432,"doloree":-58294777,"labore443":-81217828.26553181,"veniam46":21084304.684329197,"Loremfe6":"tempor Duis culpa ea cillum","cupidatatbe8":true,"voluptate55":77208903,"occaecatf3":-20339024,"ipsum8":31644245,"cillum_2":"cupidatat reprehenderit est ut","cillum_34":66149196.56544861,"nostrude48":false}
