{"ullamco5cb":"amet elit","mollitb5":false,"non_8":-12587403.808521599,"et339":81178487,"ested":31843503,"in_7_":-55312276.98920351,"eiusmod_1f":-68442579,"velitb":-63459297,"nostrud_80b":97838661}
