{"options":{"sit0":"Ut est","irure9":62855129},"schema":{"reprehenderit_d1":41823600.16633907,"esse4":1353459,"Lorem_82b":-37184344.409735285}}
