{"Duis18":false,"doa21":1999201,"labore_93":-76741886.7826148,"in__4":20215387.639145017}
