{"FieldWithAnonType":{"SubfieldA":-52663141.20703361,"SubfieldB":"irure ullamco mollit reprehenderit nisi","SubfieldC":{"SubsubfieldA":[73579177.3429057,58256979.44782534,87899086.27405617,-54604172.70362066]}}}
