{"var1":"reprehenderit Ut","var2":30138600.335665584,"var3":[58706104.082048506,-75370139.96862724,-16973763.807610437,11364030.399735853,35262877.67427951],"var4":[36175089.31902847,34113443.99502103,1771367.3077688813],"var5":{"foo":80275238.06576595},"var6":{"suntba":-30703047.266977146,"minim66":4112836},"var7":{"incididunt4_8":"aute amet","anim_82a":-79765654.25912283}}
