{"opacity":43.77013189660863,"position":[76298308.41162807,68286005.3148086,84905120.20769879],"rotation":{"yaw":-34.824176373682064}}
