{"subA":{"propA":75025980.62393448,"propB":-22297414.63139239},"subB":{"propA":-7172068.580928981,"propB":-94003028.5803592}}
