{"varBoolean":false,"varInteger":-28461752.301676318,"varFloat":-51829756.06067628,"varString":"elit magna","varBooleanArray":[true],"varIntegerArray":[75818410.8813833,-91754523.88829695,-77600575.3161602,66950506.30530065],"varFloatArray":[29046505.552266046,40285059.124479175,1131214.9289673269,-96749062.20337273,-6279422.093234599],"varStringArray":["laborum voluptate","sunt adipisicing exercitation id laborum","dolore"],"varMixedArray":[]}
