{"primitive":"eu","object":{"propA":-11571443.84052886,"propB":37270071.49744445},"alias":{"propA":-46921445.920114644,"propB":-46837114.64966698}}
