{"boolean1":false,"number1":54289990.82784492,"integer1":3407390,"integer2":-61053814,"string1":"nulla proident elit aliquip","array1":[],"array2":[-52760270.79873464,57263184.148061484,-29667265.784030005,-78884278.95455274,66295303.94933435],"object1":{},"object2":{"fugiat8":-36964111.85110797,"sint616":true,"ut_f56":696335}}
