{"val":17748126.9120114,"valNullable":null,"valTrueOrNull":true,"valTrue":true,"valUndef":4570086.586070493,"valOpt":-31026578.394889623,"valTrueOpt":true}
