{"name":"velit","mainWidget":-59658880.32352411,"otherWidgets":[65752243.52330366]}
