{"name":"in dolore m","tournament_id":53790558,"position":[30263649.242566302,51535421.15651658],"institution_id":70432506,"active":true,"swing":false}
