{"version":55307900.52428256,"profile":{"header":{},"payload":{"pariatur_ce0":-66959996,"fugiat__":-21528717.63087502},"signature":{}},"keys":{"ut5":55490907}}
