{"i":{"x":[],"y":[],"ametd":-34753484.05444718},"t":-13653292.360004783,"s":[72780170.33315137],"o":{"x":[],"y":[]},"in_cee":-30249904.26666236}
