{"i":[[18534134.496056035,-99674203.20312676]],"c":true,"o":[[63322946.80633983,71042666.24216598],[-95577668.20016047,85574513.42045352]],"v":[[81580243.03421184,-22260378.816652566]],"sit16":48091878.42551541,"animb":true,"culpa68_":"laboris veniam nulla"}
