{"i":{"x":34826990.68827966,"y":53974444.93142602,"eiusmoda1_":"dolor consequat Duis","Ut8":-12311569,"consequat_48f":true,"cillum_eb":true},"t":-83993426.93869758,"s":46393231.66201618}
