{"o":{"x":[]},"i":{"y":[]},"s":70848378.64477396,"t":-68053938.83400467}
