{"bootstrapper":{"guest_additions":"ea","eu_de":true,"anim9":-5318338,"eud":-42147745.71566231},"volume":{"backing":"vmdk"},"dolore_f":-15167022.679375067,"est_e":37009188}
