{"autoUpdateRefreshFrequency":10019744.181999914,"autoUpdateRequestedInterval":85931977.85409442}
