{"QGiMjNm":{"value":95218058.41512662,"compute_time":null},"dPu":{"value":32243471.918257475,"compute_time":37794394.61238906}}
