{"xmlminfilesizecheck":"ON","xmlmaxnodescheck":"ON","xmlmaxelementnamelengthcheck":"ON","state":"DISABLED","xmlmaxnamespaceurilength":53809837,"irure28c":"voluptate ut Lorem labore aliqua","in_3":58995379,"incididunt70":"labore Ut consequat dolor","veniam_7a":-30423262,"nostrud5f3":-39279886,"eiusmod_1":-5326595.552782416,"in_30":-68047590.39801168,"mollit8":false,"anim_a21":true,"exaf":true,"voluptate_c2":-6919580.1370982975,"aliquip5":76262233.54032063,"laborum5ae":4006292.13778463,"sinta50":52699831.811300516,"labore_288":-16113189.280752942,"fugiat0":26359185,"voluptate_462":16981394.82967469,"fugiat_d":"cillum dolor","ex1_5":33689064.84666656,"exercitation_cf2":true,"Excepteur544":false,"voluptate97":true,"aliquae86":-60712801,"veniam_2":-88433643,"sit_b9d":17348834.190929145,"sunt_973":false,"non4bd":-87135998.41023862,"in_4":-35635012,"dolore_b7c":78754945.71220893,"aliqua_27":-58643797,"eu286":-82150625,"cupidatat5":-10486308,"ipsum8c":"Lorem eiusmod aute cupidatat deserunt","in_e9":27678652.1067165}
