{"Utc8":-37084044,"incididunt_3":false,"excfc":-30074974,"officiaed":-98544880.39221798,"laboris06":false,"in49b":36927426.38628009}
