{"formactionurl_xss":"sed","laborum_95f":false,"proidenta21":24840180.45959063,"idda7":-53465941.87647309,"dolore8":"aliqua eiusmod","esse_ae7":-721734,"pariatur295":90907064,"veniam_d":"dolor","irure_261":45536496.884323746,"Ut3a6":false,"in5cb":4829785.6926344335,"doloreb_":-55623972}
