{"insertvia":"NO","weaknegrelexpiry":-3549838,"maxressize":-91130456,"relexpiry":19255111,"persist":"YES","cachenuminvalpolicy":44076329,"minhits":23852354,"host":"aute","memlimit":-1243599,"invalrestrictedtohost":"YES","prefetch":"YES","prefetchmaxpending":58659762,"cache304hits":-32491617,"polleverytime":"YES","alwaysevalpolicies":"YES","absexpirygmt":{"sint4":-36475154.36119147,"dolor_d":18669522.764811575,"cillum_b":false},"prefetchperiodmillisec":-26265121,"cachenon304hits":51586717,"markercells":73286515,"selectorvalue":"minim id Excepteur","weakposrelexpiry":13228989,"sitd1":true,"in9":-82457481,"mollit_4_b":-14128014.197970182,"non4ed":false,"ex2d":"in sunt non ea","esseb6":-24227563.8274505,"laboris3":51274823.484969944}
