{"hits":-51834572,"referencecount":-9242508,"type":"NOINSPECTION","icapprofilename":"do id eu cillum","builtin":"DELETABLE","pariatur_9":false,"irure__":true,"dolore_bb3":45294149,"occaecat4d2":-78172493.85831463,"aliqua_321":-79064195.88796543,"nisi_b0":"ut occaecat fugiat amet adipisicing","sit_2d":-98259240,"enim32":89338962.35432851,"nisi6ca":4125957.3905211985,"in3":33818730.52704094,"proident1ae":92062741}
