{"direct":false,"flags":true,"protocol":"BGP","rip":false,"veniam_34":true,"Loremb9a":false,"exercitation_45":"dolore eiusmod","sint5":-23661531.66474119,"irure7f":59772338,"nostrud4db":true,"Duis30":true,"enim86a":-70367967,"Ut2":-95170664,"exe":false,"eiusmodf":-2883172,"dolore_da6":true,"reprehenderit_3ef":90938094,"dolord":-78056174.90977915,"incididunt_8":false,"anim_d":-1241036,"estac":"mollit ea ut qui sit","autee_0":"exercitation ex nisi aliqua","proident_79":-2079778.6821509302,"enim_59":97720281,"quis__":91173392.6635237,"aliquaf3d":"culpa laborum quis reprehenderit Lorem","amet30":false,"doloreef8":"dolore sunt incididunt veniam proident","cillum_70":true,"ullamco_932":-99301889.31755626,"quis_47":17105600.43155165,"anim14":true,"quis_a":"in","nulla122":47682462,"pariaturaa":false,"incididunted8":true,"laboris_0":-41972573.80758392,"Duisa_":"veniam nisi ut non","sunt_5":"tempor","fugiat_b43":82057066.80071136,"mollit2cd":false,"exercitation_10":false,"consecteturb1":69088698.63388282,"dolor19e":92868715,"inc":93305613,"esse6cd":88687277,"magna_f6b":false,"irure__e5":52593609.66372618,"magna_42c":"irure nisi id veniam in"}
