{"vpx500savailable":52341420,"vpx200savailable":-83825334,"vpx25etotal":95271114,"vpx10000savailable":70848041,"vpx4000pavailable":1776948,"vpx100000pavailable":-75025982,"enterprisebandwidthavailable":-53288492,"vpx25000savailable":20803183,"vpx10000pavailable":-27872206,"vpx5stotal":45316183,"vpx1ptotal":-84260179,"vpx1000ptotal":-22888809,"vpx25pavailable":33380600,"enterprisebandwidthtotal":66519739,"vpx40000savailable":-91880406,"vpx200eavailable":-48280249,"vpx50etotal":75132671,"vpx8000savailable":-67199456,"vpx8000pavailable":-16299018,"vpx200etotal":72005978,"vpx10000eavailable":-20321898,"vpx1pavailable":-44574357,"vpx8000ptotal":-32146944,"vpx5000ptotal":-78727841,"vpx50eavailable":-31663344,"vpx1savailable":61207449,"vpx10pavailable":62326034,"vpx500eavailable":98508119,"vpx500ptotal":38501370,"vpx15000savailable":-41542983,"vpx50savailable":85593583,"vpx40000ptotal":-84533341,"platinumcpuavailable":-96509100,"vpx25000eavailable":-4546680,"vpx15000eavailable":22577330,"vpx100000stotal":-275646,"vpx4000ptotal":94572022,"vpx100000etotal":88319312,"instancetotal":83291623,"vpx25000etotal":-42917745,"vpx25eavailable":39275361,"vpx2000ptotal":-77390769,"vpx5000stotal":8189323,"vpx1000pavailable":-17159749,"vpx1000etotal":53882030,"vpx50ptotal":5507091,"vpx10ptotal":-61132635,"vpx5000etotal":51540719,"ea_":true,"amet_844":"laborum ut est ullamco sed","irure08":false,"culpa_3d":false,"do07":"mollit ex ea dolor aliquip","elit_288":"minim ea sint incididunt","laboris_15":true,"reprehenderit0b6":false,"cupidatatc05":false,"est8":47729053.431248665,"exercitation_a49":69901928,"et93f":48499400,"ipsum_44f":31881980,"ida99":"non","laborum_d0":36370271.88421458,"enim09":"cillum incididunt aute laboris culpa","enim_c9":false,"magna74":"ut ex nulla","dolor_3":false,"cillum_5":true,"occaecat_4b3":true,"do_0":"ex","eiusmod_d":"sed sunt Ut","anim_7_d":26646680,"tempor_83f":"nulla labore Lorem","quis_7":"esse cupidatat dolor","incididunt_3":false,"sedc9":-10213515.720112339,"nulla_63":false,"anim1":-65377711,"proident_c65":-95274877,"elitbfa":"officia ullamco sint laboris","dolore2":-29636567,"do62":-29627672.57361278,"officiae":8903158.573494434,"ullamco73":56842982,"incididunt7":-82449276.84538515,"eaf4":74230643,"Excepteur79":false,"et_290":-76909201.423297,"pariatur_e":false,"pariatur_9d3":false,"dolor_c":true,"dolore_f":25305111,"pariatur_3":-88523078.49702945,"sint_8f":7527751.653257251}
