{"sysid":-23927842,"hostid":-28069902,"netscaleruuid":"quis elit in Excepteur ullamco","host":"consequat","manufactureday":73146944,"ipsum_731":"in minim enim Excepteur occaecat","sint417":-53940440.95470418,"doloreb9":90948670.40505347,"anim__":59288192,"occaecat__a8":-14703445.40652971,"do_6":-67474933.47865179}
