{"ex_a07":false,"sunt865":false,"velit137":-24718058.371299595,"occaecat_da":"proident","do_e5b":"deserunt","qui_2":8974022.59135069,"sed_36b":true,"laborum7_":62058880,"adipisicing_b":true,"consecteturb":true,"in_578":-655682.9387410581,"in_bd":false}
