{"srcport":true,"sunt_43a":44373090,"Lorem_35":-22802597.8610249,"consectetur9f":"dolor velit incididunt pariatur sit","aliqua__6f":-55378650.407334454,"velitf7":true,"adipisicing_c1b":-14717086,"voluptate93":true,"aute__":95571050,"sint_83":true,"veniam_b1e":"aliquip in proident Excepteur ullamco","culpa_4":78432713,"dolore298":-60614640,"sunt_be5":"do ut","ea_6_3":true,"eu_08":41702944.587658316,"anim_583":-83960183,"eu_541":true,"commodod":56657747,"nisif86":-66745122.209435955,"cillum_803":-87910984,"Excepteur_c1e":31939100.729377583,"inbe":-87134154,"eiusmod_7db":false,"in7d":-97471276.40943506,"quis_3f":60206717,"eu98":49418753.68057138,"ipsum_a":50549822.807113856,"culpa_dcc":26864583,"magnaac":36958387,"ullamco8":23596886,"Ut_":"labore nulla commodo adipisicing minim"}
