{"mgmtaccess":"ENABLED","vipvsrvrrhiactiveupcount":89138065,"arp":"ENABLED","tag":75572114,"metric":-73567202,"restrictaccess":"DISABLED","exercitation_84":25518759.912382677,"ea_7f_":96236210.65576899,"dolore_0d5":-69199233,"laboris23_":"qui non sit cillum","aliqua_03d":-22498891.29403968,"dolore350":9901092,"nulla_3_":70458535.73222333,"veniam_f7a":-46647821,"laborum0":false,"veniam_c":"ullamco ut consequat","magna_c4":-92686467.78202227,"Ut_2":true,"laboris_8":-70574820,"sint_024":-85054588,"qui_3":-97106922.88908431}
