{"type":"RESPONSE","reqbandsize":66393192,"respbandsize":-19608606,"numberofbands":72318969,"nodeid":-9511762,"accessrationew":{"pariatur_c98":true,"pariatur_a6e":"Ut nulla qui","laboris1c":34504374.26544139},"totals":{"et3":33593414.54017688,"minim_cda":-29451996.151960686},"accessratio":{"elitb72":95935274.80754891},"bandrange":87778745,"accesscount":{"laboris37":"tempor in adipisicing amet ullamco","non_8":"ex eu mollit officia Ut"}}
