{"attribute3friendlyname":"laborum Ut","attribute1friendlyname":"do enim voluptate nisi","attribute7":"nulla sunt dolore","attribute12expr":"voluptate incididunt qui dolor anim","attribute10expr":"non minim fugiat do eu","attribute13expr":"ipsum","attribute9expr":"mollit id in","attribute4":"cupidatat sint mollit occaecat dolore","attribute15":"ullamco tempor id sunt","qui_ad":-11437010,"dof":33775086,"quis_0f0":50601324,"cupidatat_f":-73232513,"cillum_3":"occaecat","magna_4":true,"adipisicing94b":false,"fugiatd5f":75326008.65942213,"non3":-20314276,"culpad48":true,"culpa5":"esse","occaecat9":-76965203.34689936,"id_f1":true,"veniam_":-24659834.6737168,"reprehenderit_0":true,"voluptate_0a":-72470552,"sunt09":false,"occaecat_5":85391637,"minim_":86449848.18885905,"occaecat_3cf":false,"in_e8":97329249.76406512,"velit_1":22148945.072697133,"in_c5":-57987071.90250472,"id_60":64597935,"ut_4d":false,"nostrud0":80635706.09806108,"culpae":18191867.33734095,"adipisicing_1c":false,"enimd":false,"exercitation3d":18971170,"aliquip_d2":73052750,"mollit4f0":false,"est_f":-97082746.03864338,"ut_351":-85195867.46189383,"cillum_369":-54662741.78182444,"voluptate_150":32868211,"nisi_f":"dolor","dolor04":true,"laboris_8":49947771}
