{"feature":"BGPRouting","logaction":"sint","isdefault":false,"hits":20546425,"clientttlb":-85817938,"Lorem702":16667597,"aliquip_42":84435371.3504332,"Ut01c":-23489409.42581281,"eiusmod_fa5":26502122.413366094,"labore__":-17712744.07395436,"pariaturbd0":60853168.35158357,"reprehenderit35":-92189987.07913983}
