{"consequatef":28402747.066249877,"id_c_7":true,"pariatur_aaa":true,"estf":true,"sed4_1":-29723174.91928065,"ut_1":-73542280.67871697,"Excepteurd":"cupidatat dolore non"}
