{"meta":{"version":37833802.280893356},"content":"in culpa ad ea id","id":-53040347.86180063}
