{"id":"in velit mollit Ut aliqua","meta":{"exercitation_2f":"sit mollit ut","dolore324":false,"laborumf8":54145090.74043262,"elit6_f":-53369437.122653894,"exercitation_47":60531679.94060531,"dolor_72":26817713,"Duis53":false}}
