{"created_at":"1976-12-08T20:22:51.0Z","user_count":26875067.460584387,"count":-9560435.459825903,"elite":false,"inc":-41995019.46550126}
