{"type":"exact","value":-64651718.59064305,"input":{"events":80316639.56862074,"sampleSize":-56810999.222018756}}
