{"type":"dnorm","parameters":{"mu":35225453.769661695,"sigma":-11478941.93177627},"input":{"stdErr":-94832048.18502381,"upperBound":-51808943.43194673,"mu":90492672.55720666}}
