{"type":"range","parameters":{"lowerBound":15003183.735532671,"upperBound":58140828.564648986}}
