{"type":"dbeta","parameters":{"alpha":12862555.338230401,"beta":13973471.385475695},"input":{"events":15977229.72781685,"sampleSize":-45079272.62535678}}
