{"type":"dt","parameters":{"mu":-26196302.114386678,"stdErr":93787527.55842471,"dof":98270567.85095087}}
