{"queryResponse":{"result":{"queryLocator":{"nostrud5":"cillum elit incididunt consequat"},"size":96739618.78601852,"consequatefa":37771234,"laboris_2f3":3823948,"ipsum61":49383022,"Lorem_4":false,"est_5":"commodo non Duis","labore8dc":-90217273},"dolor35d":true,"qui_f23":58840163},"laborisc93":-95304826,"voluptate1ce":67338321,"officia_97":-90705166.28459466,"exercitation_a7":87487049}
