{"name":"id","flex":[31411123.190987572,2650106.7994432,56316420.740584224,60539281.931423694],"testhashs32_fnv1":67930908.83724618,"testhashu64_fnv1":51947590.14419916,"testf":-90311405.72206153,"test5":[{"a":67956438.91519162,"b":50420702.882329315},{"a":-16664166.222028509,"b":72692381.01535803}],"test":{"color":"Green"},"inventory":[-45116306.23844827],"testhashu64_fnv1a":56492821.75996137,"testempty":{"val":85977130.71599674,"id":"exercitation"},"testhashu32_fnv1":23143711.613673016,"testhashu32_fnv1a":53493413.83838579,"parent_namespace_test":{},"friendly":false,"testarrayoftables":[{"name":"Lorem do voluptate eiusmod","testf3":-91434395.75689851,"testarrayofstring2":["cupidatat exercitation quis dolore do","nulla Excepteur","ex do est occaecat labore","et veniam mollit"],"flex":[-77888834.65033929,-97365670.68993627,-62389917.745064415,12905660.644107014,49564936.740306556]}],"testnestedflatbuffer":[2623720.892608717,69623367.76738107,76569526.66873544,-30263390.916221946,19318140.07367456],"testhashs64_fnv1":-76158655.35638359,"testhashs64_fnv1a":-49139719.535069436,"vector_of_doubles":[74178659.95054361],"testbool":true,"test4":[{"b":-97324601.96301913}],"testf2":30554575.236621812,"enemy":{"name":"in exercitation in","testf3":93489906.97497404,"testhashs32_fnv1":91546877.12995216},"test_type":"Monster"}
