{"MARate":[{"id":68234556,"AARight":2,"nChildren":-95208117,"rate":-33453968.8761585},{"id":-98704792,"AARight":1,"nChildren":-89684172,"rate":-43682063.39374994}]}
