{"a-element":{"eee":-57081198,"bbb":-14926120,"ccc":44272038,"aaa":-32333648,"ddd":-37278134,"type":"exercitation"},"magna_9b3":-3901078.621682167,"elit_7":-15871823.070656791,"occaecat_eb":-52771344}
