{"numberHolder":{"bigDecimalTest":31136515.028022155,"integerTest":27410593,"longTest":-58242221.01509044,"shortTest":73587352.81432948,"intTest":42950138,"bigIntegerTest":69037859,"doubleTest":19105600.456179157},"consequat881":"tempor proident amet commodo irure","ex_f":-89928165,"amet5":60637754.020602494}
