{"Include":{"href":"quis non Ut","pariatur0":true,"amet15f":-59799530.107114315},"aliqua_8_0":false,"aliquip9a":18070039.814798817}
