{"employee-data":{"id":-71665291},"occaecat_0":-72608535.08142385,"aliqua4":7686326.180454105,"aliquip8__":true}
