{"Result":-2017530,"TotalCreditsEarned":-22827835,"SpartanRankModifier":1176872.679411292,"PlayerRankAmount":-46483215,"TimePlayedAmount":57462097.38301641,"BoostAmount":-22195627,"MatchSpeedWinAmount":-2085618,"ObjectivesCompletedAmount":70630687}
