{"y":-81077483.2622557,"x":-5703183.197432831,"z":-72464960.4681996}
