{"theta":27.426771702844004,"z":-7531.287577053325,"radius":804.7449300545087,"y":-2182.169653982839,"x":-7543.3952604662745}
