{"startTime":20197708.702310503,"autoPause":true,"loop":false,"autoPlay":false,"autoResume":true,"volume":0.5981184376786788}
