{"innerRadius":92553918.00588803,"opacity":0.8995366796273019,"color":-67503164.12597859,"tempor_58":"quis ad","mollitc3":false}
