{"name":"exercitation Ut Excepteur","loop":false,"end":74329416.52790993,"start":28145388.393742234,"frameRate":64000717.80992925}
