{"horizontal":138.6306512836106,"reprehenderite":10020022.244726598,"Ut_cea":false}
