{"width":56746755.04135895,"sint_ff5":false,"esse2":-97227729.59024857}
