{"flightCode":"in dolor irure eiusmod","incididunt_667":false,"ind2":true,"consequatd":-62394524,"non4":false,"nostrud_35e":-42691221.606899045,"minim_6":true,"mollit22":43826802.96127725,"cupidatat967":true,"ut_9":-34547340,"officia8":65982459.69854805}
