{"name":"adipisicing culpa","maxValue":-26484874.000191152,"minValue":44783719.217231125}
