{"irure278":26227502.69363579,"sint__24":97933994,"elit7":63489753.10021365}
