{"id":-11906806.894790158,"timestamp":"in","page":{"id":-11585017.696831599,"namespace":2592053.719080627,"title":"qui in sed","redirect_title":"ut","restrictions":["labore occaecat","minim nostrud cillum qui","in ipsum Excepteur nisi"]},"contributor":null,"minor":true,"comment":null,"bytes":14227329.709033087,"sha1":"incididunt qui","parent_id":-96164590.95641167,"model":"occaecat aute consectetur in nisi","format":"laboris minim ut elit","diff":[{"a2":62379558.63385141,"a1":73246499.19867122,"b1":69620938.1351021,"b2":76789853.59033233,"laboris_ec":-55731822,"et6":-8078787.029677466,"laborumd":9830951,"occaecat2e6":-44093429.205414034},{"exercitation_18_":true,"exercitation_c":77640416,"sunt_cb1":54406836,"laborum6":-24983384.976406425,"eiusmod7":-64945886.05052036,"laboris968":58532070},{"a2":-1400063.2481038868,"qui94":"minim velit","sint893":9677946}],"text":null}
