{"incomeTaxOnDividendsAtART":77410547.01,"proportionInterestReceivedAtART":24454079,"blindPersonSurplusAllowanceFromSpouse":-10326822.169123277,"class2NICsPerWeek":88899870.01,"capitalGainsTaxDue":80111101.41377026,"nationalRegime":"pariat","totalCapitalGainsTax":-78881946.70904256,"proportionPayPensionsProfitAtART":61435785,"giftAidTaxDue":11808968.462235957,"blindPersonAllowance":59280010.47424346,"payeTaxBalance":-851649.5969109982,"proportionLimitHRT":75629680,"trustAndEstatesTaxPaid":-23831823.650535494,"proportionDividendsAtBRT":64496934,"interestReceivedAtStartingRate":76191841.03,"proportionIncomeTaxOnDividendsAtART":67699511,"incomeTaxYTD":-66648499.94,"giftAidPaymentsAmount":88363031.04440528,"dividendsFromUkCompanies":-36925776.97,"communityInvestmentTaxRelief":-23329129.765919626,"pensionLumpSumRate":-73708556.29247206,"additionalTaxReliefDueOnPensions":10843081.622992218,"surplusMarriedCouplesAllowanceRelief":98240359.31126374,"allowableExpenses":42465657.556551576,"extendedBR":-33551521.085103087,"benefitsAndExpensesReceived":63546879.05674502,"employmentsPensionsAndBenefits":73580273.46939239,"totalPensionSavingCharges":-72823210.27576026,"totalGiftAidTaxReduced":-29265102.145442024,"class4NICsHRT":17.01,"limitHRT":8279350,"payPensionsProfitAtHRT":22140634.01,"foreignIncome":-68593748.02487102,"allowance":17957551,"proportionInterestAllowanceHRT":95963560,"foreignTaxCreditReliefOnCapitalGains":9010155.857723668,"class2NICsLimit":44833541,"cisAndTradingIncome":3147780.642537117,"foreignTaxCreditRelief":-28529174.837378025,"marriageAllowanceTransferMaximumAllowable":-97433856.48315312,"proportionalTaxDue":-28480415.98,"liabilityFromOffShoreTrusts":9485781.065557003,"marriageAllowanceTransferAmount":-69695426.39358597,"profitFromSelfEmployment":-78744740.95,"proportionIncomeTaxOnDividendsAtBRT":77646592,"totalTaxDeducted":-22223812.481648147,"proportionPayPensionsProfitAtHRT":39690527,"giftExtender":4655945.6632350385,"dividendsAtART":-10871625.98,"incomeTaxOnDividendsAtZeroRate":-71537959.98,"maintenanceAndAlimonyPaid":-93123029.09797196,"incomeTaxOnCapitalGainAtLowerRate":49495615.435325176,"proportionDividendsAtHRT":46330973,"nationalInsuranceClass2Amount":54073674.01,"dividendsAtHRT":-35846596.97,"incomeTaxRelief":13937224.078604206,"incomeTaxDueAfterDeductions":21739920.237779215,"incomeTaxThisPeriod":49436836.05,"interestAllowanceBRT":67103546,"capitalGainsTaxAdjustment":62140175.23655179,"payFromAllEmployments":-51227632.706505366,"incomeTaxDueAfterPensionDeductions":-64200253.99,"incomeTaxOnDividendsAtBRT":-22334568.95,"gainsOnLifeInsurance":-11704022.493653327,"otherIncomeTaxPaid":29493515.908640295,"taxRefundedInYear":80598883.69696489,"dividendHRT":46.09,"annuities":45434002.461265,"proportionClass2NICsLimit":80065846,"proportionAllowance":58086250,"otherIncome":34258149.90079364,"allowanceBRT":25644534,"pensionChargesTaxPaid":10709462.295518741,"proportionIncomeTaxOnPayPensionsProfitAtART":41184444,"partnerships":27035457.47842422,"eoyEstimate":{"selfEmployment":[{"id":"Excepteur","taxableIncome":{"description":"Estimated taxable income for source"},"supplied":true}],"incomeTaxAmount":89427405.05,"nic4":87841733.02,"incomeTaxNicAmount":-32343746.96,"totalTaxableIncome":-29233352.94,"ukProperty":[{"taxableIncome":{"description":"Estimated taxable income for source"},"supplied":false,"finalised":true},{"taxableIncome":{"description":"Estimated taxable income for source"},"supplied":true,"finalised":false}],"totalNicAmount":-41214195.96,"nic2":49622502.06},"marriageAllowanceTransferRelief":-7042422.840589464,"incomeTaxCharged":-50665574.97,"foreignTaxOnEstates":15611411.577564776,"proportionInterestReceivedAtBRT":27009223,"remittanceBasisChargeForNonDomiciles":26515924.109697193,"shareSchemes":-43319280.78566118,"proportionIncomeTaxOnPayPensionsProfitAtHRT":17180249,"overseasIncomeTaxPaid":96748866.94429907,"socialInvestmentTaxRelief":53815032.98990634,"interestAllowanceHRT":64967544,"dividendAllowance":71377346,"dividendsAtZeroRate":-92491434.96,"ventureCapitalTrustRelief":-75863275.4418834,"dividendBRT":23.01,"incomeTaxOnInterestReceivedAtStartingRate":80645445.03,"limitBRT":93018841,"proportionInterestReceivedAtZeroRate":65392013,"remittanceForNonDomiciles":82378473.89773288,"taxCreditsOnDividendsFromUkCompanies":-78941100.94,"foreignIncomeTaxPaid":15326078.836778432,"topSlicingRelief":90417253.48840868,"dividendsAtBRT":13485398.04,"proportionDividendAllowance":79503355,"totalIncomeAllowancesUsed":-74497163.81911853,"annuityAmount":49317868.42775297,"seedEnterpriseInvestmentSchemeRelief":-16950727.4602831,"incomeTaxDueAfterAllowancesAndReliefs":24342186.215641662,"nationalInsuranceContributionCharge":84713303.05,"marriageAllowanceTransfer":-53653413.63888252,"proportionDividendsAtART":23741721,"incomeTaxDue":-40412376.93,"payFromAllEmploymentsAfterExpenses":-35246522.87799776,"enterpriseInvestmentSchemeRelief":36016456.85197258,"proportionIncomeTaxOnInterestReceivedAtHRT":9886311,"incomeTaxOnInterestReceivedAtART":-64674201.94,"interestReceivedTaxPaid":-35537340.92909728,"unpaidTaxCalculatedForEarlierYears":-43883842.93977947,"voidISAs":-41739456.35925622,"nationalInsuranceContributionSupAmount":11473726.07,"nicTotal":11331038.02,"personalAllowance":82636550,"totalIncomeReceived":67940224.33270648,"proportionReducedAllowanceLimit":963425,"proportionInterestAllowanceBRT":13108348,"outstandingDebtCollectedThroughPaye":-85047192.79211707,"additionalTaxDueOnPensions":54635380.885112554,"incomeAndCapitalGainsTaxDue":48224077.69649434,"capitalGainAtHigherRate":71643916.13350812,"interestReceivedAtART":17193593.03,"pensionChargesGross":77330257.05392101}
