{"ukDividends":83299274906.75394,"otherUkDividends":77471409533.54868}
