{"valueType":-57399952.42563389,"dolore_3":-56191742.930213496,"doe":false}
