{"cpu":18.03239336010951,"memory":49.01774767169407}
