{"memory":28.63359686806344,"cpu":90.08951258619977,"amet73":"nulla qui"}
