{"network":{"outbound":26461364.826936662,"inbound":59219693.2299017}}
