{"name":"fugiat dolor occaecat in ipsum","cpu":19.287637761791743,"mem":76.7605132357384,"network":{"up":26773338.178288132,"down":51887048.68446883}}
