{"XJC4E":-78904203.97335993,"6=.^bT ":-57320368.701547645,"D,B'\"'U":56706569.0834685,"ebU*":69222048.54710165,"Y?":90028116.40505746}
