{"description":"Excepteur","mollit22":true,"cillum_c":70774517,"ete_":31914412,"ad_531":-90868141.07776964,"addbd":-75912063.76365998}
