{"IPv4Forwarding":true,"exercitationd":93198996.62391725,"mollit_9":false,"laborum_11c":-62407753,"nostrud3":"ea mollit dolor officia","proident_2":21903806,"sit_51":2409367,"esse_b":81797199.71739092,"Duisb8":"nisi voluptate tempor deserunt consectetur"}
