{"names":{"en":"dolor fugiat Duis","de":"ut est nulla qui","cz":"labore deserunt","es":"eu qui commodo proident ipsum","dk":"aute est","pl":"laborum laboris eiusmod","fr":"enim qui amet Excepteur dolore","jp":"reprehenderit"},"effectivness":{"Normal":0.4588764642658303,"Fighting":1.0637191573840763,"Flying":0.9464783181826872,"Poison":0.5999729016705468,"Ground":1.3101197652276988,"Rock":0.9270018617331024,"Bug":1.0369540058872833,"Ghost":1.2591400921480456,"Steel":1.9733774299051468,"Fire":1.4305863181415948,"Water":1.8806568935530517,"Grass":1.9620785084605101,"Electric":0.6502967706213565,"Psychic":0.45674266147876974,"Ice":0.7212994593204671,"Dragon":0.699191152446164,"Dark":1.8311965309847733,"Fairy":1.4012653830261295},"color":"#60EFEB"}
