{"gauge":{"type":"circular","padding":{"top":"laboris officia fugiat ut","elit5":"pariatur elit et","nulla70a":"et ex"},"circularPadding":"commodo ullamco","sweepAngle":41118155.778491646,"legend":{"nisi_e0":false,"sed5a":11276383.366123483,"consecteture":-49354316,"qui_23":31153746,"consectetur_f":-53162961.00650364,"proident35c":-36720870.49678181,"laborum_7_":false},"startAngle":-18787179.511172608,"cap":null,"needles":[],"contextMenu":{"enabled":false,"ut0":-39621226,"sunt_e18":29969877,"sint1ea":59472182.01158315,"aliqua_5bb":-63492236.292901486},"enabled":true,"ranges":[{"zIndex":2035326.433258161,"startSize":"dolore esse aliqua proident","enabled":false,"endSize":-8592820.003621742,"radius":-6049905.006594524,"to":-60614637.957668684,"axisIndex":-18001171.679816514,"fill":{"opacity":0.39795332710793874,"cx":-28161809.30236602,"type":"RadialGradientFill","fy":-81472328.19001755,"fx":-34022738.157363586,"cy":22525855.811972395,"exb":54813913.81465727},"position":"outside"},{"to":11568325.103056014,"fill":{"fx":-83373165.32223555,"cy":54943399.88251823,"cx":-79614382.13969582,"type":"RadialGradientFill","ad_ae2":13122700,"Lorem_00":"veniam et id reprehenderit exercitation","quis47_":true,"reprehenderit_8":false},"position":"center","from":5087427.984544352,"radius":null,"axisIndex":94042766.56325147,"zIndex":-80023167.08716953,"endSize":65692417.14612904,"enabled":true,"startSize":"anim irure amet ea sit"}],"animation":{"duration":51619292.31232074,"occaecat_4f":"enim et aute"},"data":[],"fill":{"keys":["et labore ex dolore","reprehenderit",{"offset":93314353.26725242,"opacity":0.24914667380400024}]},"background":{"fill":{},"zIndex":-85003415.98833802,"bounds":{},"sed76":"amet esse fugiat","velitf":false,"nostrudc0":"esse enim"},"tooltip":null,"encloseWithStraightLine":false,"interactivity":{"hoverMode":"bySpot","qui_f":"ex","labore_634":false,"ullamco981":37844293,"ullamcoe88":80635317},"markers":[null,{"enabled":false,"type":"ellipse","stroke":{"angle":62392159.26808411,"opacity":0.35173981030010903,"type":"LinearGradientStroke","dash":"sed in","linecap":"butt","mode":{"left":-53607713.141624555,"top":18552633.288548395,"height":97455747.46070006,"width":18816708.31533216},"thickness":-20990085.458337843,"linejoin":"miter","keys":["sint in","tempor in","ex eiusmod qui sint quis"],"quis98":true},"zIndex":-63424885.75486578,"fill":null,"position":"outside","dataIndex":25982491.142068967,"size":null,"axisIndex":19459244.97393325,"radius":11727151.30281134,"hatchFill":"none"}],"knobs":[],"bounds":{"top":-48787608.37180551,"height":"proident cupidatat","maxHeight":"nisi in esse","bottom":null,"left":null,"minHeight":"ea","width":null,"right":92959833.44406098,"minWidth":"ad Ut","maxWidth":79111155.47436944},"stroke":{"thickness":-79530277.14882253,"dash":"tempor do enim irure aliqua","fx":-32224512.914489403,"cy":94861169.60969454,"fy":2026252.1906515956,"opacity":0.8311241489125041,"cx":74238718.42542416,"linejoin":"miter","linecap":"butt","type":"RadialGradientStroke"},"credits":true,"zIndex":-71851253.9112246,"title":"veniam sed proident dolor sint"},"chart":{"type":"pie","outsideLabelsCriticalAngle":90360688.54219553,"hoverHatchFill":{}},"map":{"type":"map","markerPalette":[],"minBubbleSize":15528302.684144229,"title":false,"unboundRegions":{"enabled":false,"est__a":-89896979},"margin":{"top":55152055.744482845,"right":22118532.29070835,"left":"Lorem reprehenderit nisi et fugiat","bottom":-80444622.97900048},"interactivity":{"Lorem_a25":false,"occaecatf2c":-42261027,"nulla77":"consequat sit aliquip","in41":"cupidatat"},"colorRange":{"overlapMode":"noOverlap","staggerMode":false,"drawLastLabel":true,"laborum7":53464656.721826375,"officia_c4":49298506.16703665,"voluptate6f6":false,"deserunt_79":50844228.362482905,"nulla_cd1":-89894536,"utd3":"officia et"},"maxBubbleSize":"officia quis anim in","defaultSeriesType":"ut","legend":{},"palette":["culpa","minim culpa reprehenderit sunt ex"],"chartLabels":[{"textOverflow":null,"fontFamily":null,"useHtml":null,"fontSize":71210857.71978211,"position":"rightCenter","vAlign":"null","offsetY":58716849.16762078,"width":"dolore qui Lorem eu","zIndex":99927852.41866541,"direction":"rtl","minFontSize":14575548.923206449,"anchor":"rightTop","adjustFontSize":{"width":false,"height":true},"fontWeight":-78087137.9539868,"textIndent":6082145.646099985,"reprehenderit_5c_":"exercitation Ut","nostrudd":82125107.54346293,"et_5":true,"in4":"velit Ut irure","exercitation_7":54532770,"cupidatat_0":-4773455.809913158,"amet618":"Ut","quis3a1":false,"aliqua_f":true,"cupidatat_7b":-35775337,"velit48":45775593.100883335,"Duis_f70":88168507.20826745,"dolore_4d":true,"ut_05c":-49459440.84934002},{"offsetX":-51309830.97674413,"offsetY":-95335904.74487203,"textIndent":54261415.62832591,"textWrap":"byLetter","align":"ipsum","hAlign":"right","enabled":false,"width":-15475477.664165854,"useHtml":null,"fontWeight":"pariatur et dolore","maxFontSize":"non laboris elit","selectable":null,"direction":"null","zIndex":75064793.55108255,"decoration":"null","vAlign":"top","fontSize":-1838735.2767820954,"fontStyle":"null","rotation":29981470.828811437,"lineHeight":null,"minFontSize":"minim officia","orientation":"laboris dolor sed deserunt","disablePointerEvents":false,"fontFamily":null,"color":null,"letterSpacing":null,"adjustFontSize":[false,false,true,false],"fontVariant":"normal","textOverflow":null,"height":7254107.2219356,"opacity":0.5727429927474341},{"orientation":"aliqua dolore","selectable":null,"hAlign":"null","letterSpacing":"aute quis adipisicing","fontWeight":"nisi occaecat proident","lineHeight":"in sed","decoration":"underline","textWrap":"noWrap","enabled":false,"align":"non est","rotation":-11795866.116547331,"maxFontSize":"do in quis","vAlign":"null","minFontSize":-76638369.6798917,"offsetX":8711372.76930298,"textOverflow":null,"color":"elit commodo sunt","fontFamily":null,"height":"in cupidatat"},false,false],"zIndex":35414136.364539266,"geoData":"cillum ex consequat","data":[],"contextMenu":{},"animation":{},"padding":{"left":"sit aliquip","right":16426929.824822173,"top":-77753813.15105632,"bottom":24931546.882778704,"dolore_7c4":-25222186},"credits":{},"enabled":false,"geoIdField":"ullamco minim cillum","crsAnimation":{"duration":69049459.4393701,"inbd":-23872173,"eiusmod_ae":"velit tempor consequat labore","minim5f":97975852.98036674},"bounds":{"minWidth":-18999618.68748696,"non_14":"elit aliquip sint culpa","in_51d":-43607879.187351584,"tempored":false},"colorScales":{"8\"2rc":{"minorTicks":{"in8":"enim culpa sunt","irure124":false,"aute_97c":-97630875.9713227,"nulla_0_8":-80745901.76941365,"irured3e":1791258.239792809,"ex2":"anim magna","cupidatat_68":false},"type":"linearColor","inverted":false,"colors":[{"commodo_8":-16533329.770907074},{"reprehenderit92":65376878.98576152}],"ticks":{"base":52089322.49653685,"explicit":[],"minCount":null,"maxCount":-60331518.65119559,"interval":-48898638.58530425,"count":null,"mode":"consequat proident id exercitation quis","qui58":"nulla ex","in__":81224510.13531339}}},"background":{},"tooltip":{"padding":{},"allowLeaveScreen":false,"fontVariant":"small-caps","offsetY":16019198.761007786,"allowLeaveChart":false,"selectable":true,"elit_7":true,"inaa_":"cillum dolore aliqua","amet_9e":true,"labore_8":-18793754,"occaecat7":92464770,"anim_e":17297297,"aliquaa":-44824752.926349424,"velit_a":15022729,"culpa6e":96508056},"geoScale":{"minimumY":"sint","gap":"sed","type":"geo","maximumY":null,"maximumX":66795137.65037525,"inverted":[false,true,true,true,false],"minimumX":null}},"gantt":{"type":"ganttProject","interactivity":{"spotRadius":81215336.43815857,"allowMultiSeriesSelection":true,"selectionMode":"singleSelect","ut52":"do ipsum ea"},"controller":{"startIndex":-13554351.087420493,"dolorecf":"irure ipsum dolore","eiusmod_a6":"labore laborum","amet_06":"id aliquip","exercitation67":-23260976,"enim_86":"velit ullamco anim"}},"dolor_c0":"amet cillum"}
