{"cluster":"enim nulla","frameworks":[{"id":"quis","name":"consectetur adipisicing","offered_resources":{"cpus":6312464.035336822,"disk":46509101.84541851,"mem":93219680.04162148},"used_resources":{"cpus":84967693.28685966,"disk":1056705.149220109,"mem":-22036551.095035017},"slave_ids":["aute nostrud qui sed non","dolor dolore velit cillum","elit tempor","ullamco irure exercitation officia"],"webui_url":"labore dolore voluptate eiusmod incididunt","TASK_STAGING":-98710993,"TASK_STARTING":66383697,"TASK_RUNNING":-82834202,"TASK_FINISHED":88963322,"TASK_KILLED":-51505355,"TASK_FAILED":-48090541,"TASK_LOST":-45232720,"TASK_ERROR":-11969031},{"id":"est fugiat officia amet","name":"ut adipisicing ex magna","offered_resources":{"cpus":-19870216.99484606,"disk":-44261826.70455545,"mem":-44137015.353187084},"used_resources":{"cpus":82965934.73972595,"disk":84345027.46531653,"mem":87209723.74014151},"slave_ids":["adipisicing Excepteur","labore elit","eiusmod est dolore","exercitation officia sit labore tempor","ea veniam"],"webui_url":"amet id incididunt minim sed","TASK_STAGING":79844796,"TASK_STARTING":86324956,"TASK_RUNNING":95005200,"TASK_FINISHED":-23691238,"TASK_KILLED":55263861,"TASK_FAILED":-55234227,"TASK_LOST":-76992134,"TASK_ERROR":44119682}],"hostname":"qui dolor laborum","slaves":[{"active":false,"attributes":{"laborisc2":-51328014.740766555,"labore2b":-92876329.02082619,"ad61":false},"hostname":"ad officia laboris reprehenderit aliquip","id":"officia eiusmod consectetur in est","resources":{"cpus":-48491593.45240732,"disk":-63885742.844166905,"mem":-96318902.5054333},"used_resources":{"cpus":66881580.96568656,"disk":-33602946.866918385,"mem":36228160.487467915},"TASK_STAGING":-87036803,"TASK_STARTING":-65362178,"TASK_RUNNING":-92724963,"TASK_FINISHED":-15451830,"TASK_KILLED":-39154502,"TASK_FAILED":26707899,"TASK_LOST":-47460946,"TASK_ERROR":62915067},{"active":false,"attributes":{"id_752":-75538186.20990866},"hostname":"nulla Ut irure","id":"minim ullamco","resources":{"cpus":69649279.22291228,"disk":-58421238.9236233,"mem":9292302.278746739},"used_resources":{"cpus":73232048.44729796,"disk":22214711.124660715,"mem":-54916752.09223632},"TASK_STAGING":44276740,"TASK_STARTING":27677801,"TASK_RUNNING":80981731,"TASK_FINISHED":-81539123,"TASK_KILLED":-75908210,"TASK_FAILED":47583286,"TASK_LOST":67102777,"TASK_ERROR":-74094408},{"active":true,"attributes":{"Lorem_d2":"non","pariatur_18d":11093921.315596938,"pariatur__42":-99808409.84840307,"ex_03":-30900544.294846803},"hostname":"Excepteur labore eu cillum","id":"culpa aliquip in velit","resources":{"cpus":29541893.543266967,"disk":80233327.07479817,"mem":49422740.57553476},"used_resources":{"cpus":-67073597.629370555,"disk":19716254.68614304,"mem":-15759066.417550698},"TASK_STAGING":-6554139,"TASK_STARTING":91822908,"TASK_RUNNING":-66712698,"TASK_FINISHED":60184528,"TASK_KILLED":56320433,"TASK_FAILED":-78659651,"TASK_LOST":-82869130,"TASK_ERROR":-7769932},{"active":true,"attributes":{"deserunt_4c":46445437.30986273},"hostname":"et sit cupidatat mollit anim","id":"et","resources":{"cpus":-67166524.31728826,"disk":-74782593.24129263,"mem":-39050119.717317514},"used_resources":{"cpus":-95408186.4297625,"disk":-41365528.94565355,"mem":-5937404.320963189},"TASK_STAGING":1211588,"TASK_STARTING":59969692,"TASK_RUNNING":-11758680,"TASK_FINISHED":23985818,"TASK_KILLED":-44112810,"TASK_FAILED":24300224,"TASK_LOST":31309448,"TASK_ERROR":-64027856}]}
