{"profile":{"labore_f7":"ut mollit qui consequat","Lorem_3":-52342225},"do_6eb":true,"quis_a6":1903605.7679619193,"Ut__5":-10351666.703701705,"in_a7":60068882}
