{"bar":"b","foo":-46157014.87096255,"id0de":38023061,"aute_55":21013890.179924563}
