{"credentials":{"batch":71871350.46504077,"storage":-98317414.9301398}}
