{"t_id":-73612485.72471957,"timeout":96233031.5346072,"col":62550665,"row":67119794}
