{"window_rect":{"top":-23851431.002677932,"left":60815334.00240588,"bottom":-89537271.69007358,"right":-95332151.15863328}}
