{"table_size":{"rows":65952003.91827428,"col":-55257254.64931765}}
