{"t_id":58146925.72661933,"key":38576168,"code":35256766,"text":"cillum enim nostrud","value":38015875.924452394}
