{"x1":45314202.57738489,"x2":39523421.946416885,"xi":[-58255788.48610977,13973593.843634993,-27327085.143304244,40695916.9489502]}
