{"Name":"velit eiusmod officia reprehenderit","Density":-61390685.94762471,"Acoustic attenuation":"incididunt consectetur ullamco elit ipsum","Speed of sound":-75673050.85575646,"Heat absorption fraction":73982147.37523183,"Isobaric mass heat capacity":228363.4485938251,"Thermal conductivity":-99241629.42915702,"Atmospheric pressure freezing point":66054995.75341979}
