{"Name":"Ut minim id fugiat","Density":"ex in anim","Acoustic attenuation":{"Longitudinal":57882038.61043516,"Transversal":88460972.648482},"Speed of sound":{"Longitudinal":-54714594.39286566,"Transversal":-57255296.416206166},"Heat absorption fraction":-74745459.94086093,"Isobaric mass heat capacity":-31160394.943193913,"Thermal conductivity":-72565260.96467689,"Atmospheric pressure melting point":82761587.47608021}
