{"Nodes":[[-85482451.2446712,89593294.02118486,63984064.93201238],[-75413316.54916865,-61506059.76761594,-4693046.979411304],[-43235829.39460051,45505145.479967535,79917623.55533579],[85389807.20674169,-31236537.625073478,-9800701.75274612],[13168351.871969238,23637374.54915969,56799191.81040591]],"Values":[{"ElementIndices":[-29764489,96442976],"MediumName":"dolor ex magna sit anim","Id":-20578478},{"ElementIndices":[-9467184,55871588,-60662019,-1579225,78114096],"MediumName":"nulla","Id":-63160121}],"Elements":[[34734703,-24636195,-93105632,49417730],[28394117,31612242,-11596425,68968300],[20324884,-3333931,-77204800,53881255]]}
