{"query":{"ameta":38107985.808609426,"ullamco_aa":false},"instruction":{"method":"dolore ullamco","args":[],"kwargs":{"id_cc2":-54242625.629331574,"ex_2b":"eiusmod voluptate","esse64f":13258453,"Excepteur_84b":-50522639.39472388}}}
