{"vertices":[[-66661251.74261119,-13864685.166606888,52714861.145466894],[-40624732.29552617,61872725.77075863,-70765193.7054678],[63219332.701824546,-2149454.4785071015,-94666012.0943803],[-50855121.875997745,-74873478.68743388,7294192.127517402],[77894869.12895569,1195158.4630145878,-33209175.68161796]],"facets":[[41708745,-81943300,56709299],[10007378,-74050426,-67917836],[-71668634,50691468,18287597]],"camera":{"x":-90537324.95867854,"y":55588873.87881172,"z":24965461.04636796}}
