{"stream":[{"data":{"x":-92618078.46583979,"y":43172820.64108899,"id":"nostrud"},"labore_a":-60807015,"in_0a_":true}]}
