{"ex_c67":96043958.99118248,"nisi_16":65822746,"suntdd":83409051,"Excepteur5fa":-50500876.467003405}
