{"inplace":[{"position":{"series":90743832,"index":50104449},"data":{"x":-17033783.956717625,"y":-30792612.126543254,"id":"aliquip in sunt occaecat amet"}},{"position":{"series":14778879,"index":51670543},"data":{"x":85952262.84257844,"y":-57378722.263003156,"id":"eu laboris"}},{"position":{"series":10329943,"index":4459306},"data":{"x":19645594.210834622,"y":-91835324.76484224,"id":"officia"}},{"position":{"series":15640913,"index":92991116},"data":{"x":-22752487.36674063,"y":16334137.411280736,"id":"dolor"}}]}
