{"aliqua9":"in consequat fugiat sunt","exercitationc9":false,"aliqua6":false,"ipsum_d8":47977007,"ametf":36176085,"commodofb_":-30985119,"labore_1":false,"culpa2":43902704.633770466,"dolor_f0":"amet reprehenderit culpa","proident_9":70632878.84576064,"labore_2":-34305406.06936354,"laborisc8":true,"ullamco_3":false,"eu8":false,"consequat_9":true}
