{"marathon-lb":{"role":"tempor in ea et amet","instances":4303355,"cpus":59231986.99746982,"et_9":70744350.53040883},"esseb_2":75772787,"id_8":true,"quis65_":91260730,"ex_ff":true}
