{"lowFrequency":93023587.5838999,"highFrequency":68545090.63957489}
