{"eutraCarrierRssiRpt":[{"measFrequency":95600511.12285863,"measBandwidth":10316549.2661482,"measCarrierRssi":-81.92324496111823},{"measFrequency":38071405.93371947,"measBandwidth":88041972.75001395,"measCarrierRssi":-98.58191145728726}]}
