{"modified":76585957.302852,"sortOrder":-63868263.84331492,"remoteGatewayId":22634911,"type":"temperature_sensor","name":"","created":-71836274.92760664,"actions":{"requestNodeNeighborUpdate":0,"pollingTimeSec":1}}
