{"quis_db":false,"elit37f":41873611,"in_1":55673243.77181092,"ut_8b1":-23830989.637138918}
