{"MinSDAlpha":0.22216176713514368,"MinSmoothDiff":62164146.23762842,"MaxSmoothDiff":6085665.915529436,"MaxSDAlpha":0.0062170704487785056}
