{"Xmax":-2201517.8147499114,"Ymin":-44136286.15834399,"Zmax":-55561661.50549307,"Ymax":-4669260.476248026,"Zmin":65376104.53456786,"Xmin":-6537154.499448493}
