{"sex":"minim fugiat tempor reprehenderit","pariatur_001":-83760748.72700512,"magna3bf":-54569780.9325675,"Duis_d4c":-17832151,"fugiat696":false,"nulla_34":3660387}
