{"ullamco_b":true,"autea":27731354.18287489,"Lorem_1f_":88156917.6545471,"est9f0":false}
