{"links":[{"centerText":"ad cillum anim irure","dashed":false},{"centerText":"magna officia in eiusmod adipisicing","dashed":true,"source":{"py":-2259596.151974857,"dashed":true,"fixed":-36129692,"id":80775773,"index":-50363552,"name":"ipsum","px":31757935.43308814,"r":19859819,"weight":18528724,"x":92660235.63912535},"sourceText":"fugiat dolore veniam","strength":37304964,"target":{"x":98301391.66759989,"fixed":-10904616,"dashed":false,"y":-86855571.96800527,"weight":53693293,"name":"exercitation","index":-86800566,"id":-66793030,"px":6647245.855953172},"targetText":"sint laboris cillum voluptate irure"},{"sourceText":"ullamco ut est ipsum","centerText":"officia laborum cillum","dashed":true,"targetText":"est sint amet","target":{"id":91779327,"name":"pariatur officia incididunt sunt","dashed":false,"index":4466788,"y":12350303.801025271,"x":-96523116.7115849,"fixed":-13593534,"r":"officia dolore veniam","py":-67987662.88560261},"source":{"dashed":true,"x":-4339272.398635745,"index":87151823,"name":"mollit irure amet","px":-88231977.9072493,"r":29514879}},{"strength":55195709}],"lastId":32074916,"nodes":[],"scale":-32925686.980906963,"translate":[3264481.150363669,-28040831.2844342,55692818.71398762]}
