{"quis9":-10026868.178020403,"fugiat2ba":"sunt","Ut1e_":-97766535,"magna_73":24954935.964172393,"dolordc5":true}
