{"bazOneOf":3,"justRefs":"things","incididunt1bc":"non nostrud laborum","Ut043":true,"anim_9":-69070561.12162806,"laboris3e6":56910889.44145882,"nostrud_fa7":65000613.14706814,"ullamco9":1348354.4857094884,"ea_b":59190016.24775824}
