{"string":"magna do","number":17051860.102694377,"integer":-35276845,"sub_object":{"number":9154340.052592456,"id47":-89217734.57600772,"pariatur27_":"aliqua ut","elit_5e":-97925915,"magna726":60849536.37244591,"pariatur_b":true},"array_strings":["proident occaecat reprehenderit quis in","ut aliquip esse nisi Lorem"],"array_numbers":[61856054.02634215,-99081009.62658808,-80400709.14723402,-33830659.41407706,-13408514.536240995],"array_integers":[86929667,87265500,6278302,99950125]}
