{"committed_update_seq":65813886.6655952,"compact_running":true,"db_name":"dolor pariatur Duis ex","disk_format_version":-86226173.56997529,"data_size":96010118.76500878,"disk_size":-14666687.837051958,"doc_count":79748498.07111835,"doc_del_count":-49046402.23184371,"instance_start_time":"esse pariatur","purge_seq":-33420582.482153714,"update_seq":-58626751.9870864}
