{"commodo75":68027725.23941761,"exercitationb9c":-20495133.707032844,"sint3ac":30848566.24189341,"aute_d6":-197893,"commodo_5":"irure cillum consequat","incididunt4d":-62902073.39929168}
