{"et_60c":65308417,"Duisd":-92006488.75581288,"inf4":-47954892.90073864,"in857":false,"amet_c":68299170,"magna93f":-78289827.73284027}
