{"carrier":"hermes","width":-43695863.620659694,"height":22939621.099331394,"length":-84339791.41754454,"weight":-30663566.143177822}
