{"PayloadType":"Duis quis Ut","PayloadIdentifier":"qui","PayloadCertificateFileName":"et ut culpa labore","aute_5":-28190271,"dolor_545":38601318.83754909,"sed8f7":-27152642.37465842,"aliquae7":-51914896,"ea_cb3":88858404.51381645,"elit_a_7":33942420}
