{"Excepteur_5c1":"ut","culpa_bc0":21575757.690774515,"ullamco_f_a":false,"et_ae":true,"ullamco023":-74850845.99671042,"cillum__5":false,"sit4":false,"adipisicing4b6":7750887,"Duisfd":true,"voluptate_ca":"aute ea","Excepteureb_":-26313634,"enim_6":77788465,"exercitation__9":-65795352,"quie1":true,"quise_":33088687,"laborum_f2f":-85379493}
