{"PayloadOrganization":"qui eiusmod officia","ipsumcbb":"veniam","Duis__d":76511145,"deserunt_fc":true,"id_57d":99874912.42859682,"dolore9":96366653.94882852,"nullab3_":-20729077,"aliquip4aa":"minim","nostrud_ac9":-70109080,"adipisicing_386":true,"noncd":68524986,"quis_ef3":83612260.75221318,"commodo_4":76240047.88196883}
