{"deviceTags":[{"value":"cillum nulla in","voluptate10":-87341214.59102263,"sint2a":-51155441.674735025}],"deviceIds":["31B28D8F5760D105805cFFeF","28Cb82d3A932dBddd60BDDba"],"status":"active","elit_3_b":false,"tempor_60b":-26997112,"pariatur_63":false,"ad2":-46657218.131807856,"laborum_2dd":54453339,"voluptate_bd7":69598445.91346699,"do6":"deserunt Lorem veniam reprehenderit est"}
