{"sentences":[{"sed_d83":-1631171.9233083725},{"fugiat_4":56484835,"labore_39e":false,"tempor4":true,"Excepteur_b8d":-57990437.789760076},{"anim_362":71957089.75627565}],"aute_e":true}
