{"effect":false,"entityConfig":false,"cillum_824":95965808.72348738,"in_69e":73966646,"deserunt_9":-79418502.31818673,"in_c":false,"dolore2":49540178,"pariature":false,"deserunt_1":13561550.482071772,"esse2d8":true,"eiusmod6":"reprehenderit laboris"}
