{"inputs":{"path":"fugiat ut ipsum"},"params":{"dt_sec":92979816.13792557,"trial_length_sec":-76994320.71074934,"window_size_sec":-67762595.11722076,"kernel_size_sec":1882951.5524298549,"sample_size_sec":89895256.62990716,"sample_intersection_sec":76811947.22259259},"outputs":{"path":"minim aute"}}
