{"gameAudioChannels":[{"sd":null,"hd":48619663},{"hd":null,"aliqua528":true,"irure_0_6":"ea"},{"sd":-57679000,"hd":-5799625},{"sd":-78826385,"hd":null,"nulla_7":-18869650,"dolore_2a4":-73601834,"in5":-51938555}],"ipsum_841":"ut consequat nisi","pariatur2":-6075717,"Excepteur2ea":"voluptate","amete16":38807124.67218426,"quis_b":93981889.2999695}
