{"string":"in","object":{"numA":-21571539.99789138},"ut_2":false,"qui_a":95588343.36471668}
