{"cx":2419523.543861106,"cy":-32160772.226378992,"id":92064383.63565898,"locked":false,"name":"mollit","render":false,"source_cx":-23359560.56463994,"source_cy":-61240787.29044648,"type":"voluptate in","volume":25511492.764220595,"x":75062143.54120028,"y":-85049788.3216958,"groupChildren":[],"parentGroupName":"ut labore enim"}
