{"name":"Ut culpa dolore officia","client_id":"id","type":"Lorem sunt ut qui ea","ts":-8080114,"time":25259591,"replyq":-97525577,"msg_cnt":36664987,"msg_size":-78766234,"msg_max":-32003120,"msg_size_max":46340464,"simple_cnt":-74233823,"metadata_cache_cnt":3635027,"brokers":{"occaecat_0f9":{"name":"velit voluptate","nodeid":-45440191,"state":"commodo nulla cillum Lorem","stateage":-34348744,"outbuf_cnt":98127755,"outbuf_msg_cnt":-79230221,"waitresp_cnt":-68251734,"waitresp_msg_cnt":35484710,"tx":91787754,"txbytes":18217797,"txerrs":-89693536,"txretries":-64821417,"req_timeouts":-62320470,"rx":-2765027,"rxbytes":-24543425,"rxerrs":-93701790,"rxcorriderrs":-10556386,"rxpartial":10202573,"zbuf_grow":-29549441,"buf_grow":-98092942,"wakeups":-41390895,"int_latency":{"properties":{"avg":95338743,"cnt":58567482,"hdrsize":-47297301,"max":28912906,"min":23409354,"outofrange":17244784,"p50":39941280,"p75":35720814,"p90":-74778909,"p95":4128361,"p99":6086614,"p99_99":93114875,"stddev":11961126,"sum":-34076687},"este6b":-42553726.874863565,"tempor__":-481843,"labore61":false,"cillum9c0":true},"rtt":{"properties":{"avg":-60752631,"cnt":86744251,"hdrsize":-82527857,"max":-59485989,"min":-75665779,"outofrange":-95248052,"p50":-59294625,"p75":81001182,"p90":73306919,"p95":98694008,"p99":-74388528,"p99_99":83227162,"stddev":-13310012,"sum":-61762340},"aliquip9":-91601936.0950477,"elit25_":-53281323.40863063,"velit_2f":true,"eiusmod50d":-50962666.4433374},"throttle":{"properties":{"avg":64961699,"cnt":-35417642,"hdrsize":-6739856,"max":93852922,"min":99060188,"outofrange":-74031231,"p50":-24933202,"p75":-87060301,"p90":-69809787,"p95":23578516,"p99":-39794828,"p99_99":56021906,"stddev":-21338489,"sum":-32008602},"commodo9":"consectetur cupidatat in sint"},"toppars":{"mollit_a_0":{"topic":"in ipsum consequat labore dolore","partition":-36391026}},"outbuf_latency":{"properties":{"avg":85023621,"cnt":-65352741,"hdrsize":-22253260,"max":-48230337,"min":79715818,"outofrange":-62028562,"p50":28036748,"p75":55739958,"p90":40080495,"p95":-29723760,"p99":93779255,"p99_99":29632592,"stddev":84733431,"sum":17634770},"magna_5":false,"commodo_f4":"tempor"}},"mollitc5":{"name":"velit","nodeid":6196776,"state":"qui","stateage":-66845926,"outbuf_cnt":11907699,"outbuf_msg_cnt":31016040,"waitresp_cnt":-51639436,"waitresp_msg_cnt":-72600801,"tx":73221510,"txbytes":23445925,"txerrs":93883770,"txretries":35048980,"req_timeouts":44279907,"rx":-40407817,"rxbytes":61106234,"rxerrs":52360063,"rxcorriderrs":-22767152,"rxpartial":53413329,"zbuf_grow":-67770564,"buf_grow":-15514028,"wakeups":-40205478,"int_latency":{"properties":{"avg":35991799,"cnt":25677106,"hdrsize":-29127519,"max":-34731063,"min":-26313059,"outofrange":72360296,"p50":58367044,"p75":87991068,"p90":-9261768,"p95":82332144,"p99":-65019687,"p99_99":77214197,"stddev":72040535,"sum":-38228573},"dolore0":72521603,"fugiat8":-32646489.569559067},"rtt":{"pariatur_d":36035211.30486259,"officia7d1":7499750.568224564},"throttle":{"properties":{"avg":84339739,"cnt":6042284,"hdrsize":-83974112,"max":77305136,"min":-85302666,"outofrange":36827692,"p50":-45266391,"p75":20602141,"p90":6396492,"p95":13707340,"p99":-22423280,"p99_99":-97544434,"stddev":96501341,"sum":27831539},"est_9e":68189813.79944432},"toppars":{"laboris71a":{"topic":"ut","partition":-32301289}},"outbuf_latency":{"anim8":90467634.26345044,"Excepteur23":"ut nulla","ipsumd54":true,"tempor6":-30300480,"culpa_a":"aute id"}}},"topics":{"additionalProperties":{"topic":"cillum esse elit in laborum","metadata_age":-2273260,"batchsize":{"properties":{"avg":-296007,"cnt":-15787712,"hdrsize":-74543186,"max":-13349172,"min":45243262,"outofrange":43283304,"p50":40057462,"p75":-89427796,"p90":39964690,"p95":44741655,"p99":71746225,"p99_99":-92410746,"stddev":-21952112,"sum":47498150},"consectetur__":false,"est_6":68932121.17113462,"esse_7":-43553839,"ullamco_1":-58638777,"Ut_30":false},"partitions":{"^-?[0-9]+$":{"partition":71523872,"leader":64451487,"desired":true,"unknown":true,"msgq_cnt":38509721,"msgq_bytes":-89789809,"xmit_msgq_cnt":74981770,"xmit_msgq_bytes":-73323991,"fetchq_cnt":42967278,"fetchq_size":15384004,"fetch_state":"ad ullamco","query_offset":-49951950,"next_offset":-16042149,"app_offset":12436858,"stored_offset":91772844,"commited_offset":-75309268,"committed_offset":-63154131,"eof_offset":69590089,"lo_offset":-72539072,"hi_offset":-4473412,"consumer_lag":97990957,"txmsgs":-5384827,"txbytes":41131381,"rxmsgs":-79891662,"rxbytes":98581727,"msgs":-51342158,"rx_ver_drops":-99387676,"msgs_inflight":-1914424},"aliquip_414":"dolor dolor consequat id","enimff":false,"Duis_cb":59997525.97769502},"batchcnt":{"properties":{"avg":-15706108,"cnt":91965001,"hdrsize":75693046,"max":19621313,"min":-78274694,"outofrange":-4053284,"p50":45924278,"p75":-1221950,"p90":17245157,"p95":11717567,"p99":88419983,"p99_99":-47507281,"stddev":-24692895,"sum":83857810},"ullamcoeb":-32137608.93150352}},"eiusmoddf1":59744921},"tx":-85894398,"tx_bytes":47074493,"rx":15421682,"rx_bytes":11913910,"txmsgs":6272425,"txmsg_bytes":12042725,"rxmsgs":1909173,"rxmsg_bytes":-89511848}
