{"ietf-dots-signal-channel:signal-config":{"idle-config":{"missing-hb-allowed":{"current-value":2210773,"Ut44":false,"ex0e":-94268056,"nisi_88":-41496697},"heartbeat-interval":{"ea9":34062427,"quis_1":"enim esse aute","ad_6f":true},"ack-timeout":{"current-value-decimal":-24391158.54364328,"eiusmod6":"dolore","consectetur_3":"aliquip"},"max-retransmit":{"current-value":67034848,"aliqua_6":96845062.71331254,"sed_90":true}},"mitigating-config":{"ack-random-factor":{"current-value-decimal":47971197.687598675,"nostrud_1":33489303,"nostrud_0":"culpa ipsum Duis","eu_e":"esse aute"},"ack-timeout":{"current-value-decimal":35804436.98057568,"aliquafc":true,"ea0e4":true,"ipsumd":-55706457},"magna_11a":14488233,"ea_d":5597305,"ad37":93234735.10415971,"incididunt9":"est","eu_64":-6476024.716946855},"consequat_1b":-86183305.22968635},"aliquipb":-87005539,"commodo_e2":true}
