{"ipsum53e":33511421.937876433,"incididuntdb":65348674.09356758}
