{"occaecat8e6":14376767.360767633,"aliqua25":23702558.471494943}
