{"event":"HJ","performance":42572321.83343475,"attempts":[{"cleared":true,"height":58365576.59692169,"num_attempts":0}]}
