{"hosted_button_id":"qui nostrud incididunt","enabled":false,"occaecat_4":57725252.893279135,"non_b52":78585393.19762969,"ullamco_5b":-49656570}
