{"maximum":-58352976.52994953,"minimum":59265853.38862389,"exclusive_minimum":false,"exclusive_maximum":false}
