{"voluptatece1":true,"anim_3":45893153.99841133,"enimd3_":55827025.19777626}
