{"low_value":51869320.90221518,"high_value":-50792953.00543283,"unit":"sunt amet in culpa ut"}
