{"Class":{"Peak Value":7257612,"Type Name":"commodo sit","Min Size":-64242302,"Prune Age":63116703,"Type ID":16032467,"Count":-35285805},"RuleFileBinary":{"Prune Age":-83066156,"Min Size":-12575891,"Count":-93515982,"anim_664":"Ut","aliquip87":false,"aute_5f3":90730065},"RuleFileBundle":{"Type ID":-76166936,"nulla_33":"dolor esse","do_fa":80614044,"ad_fe":false,"Ut61":41384789,"et__":-51663934},"Property":{"Prune Age":37424488,"Excepteur68":37026406,"cupidatat1":false},"FieldValue":{"Prune Age":-10218860,"Peak Value":20827992,"Count":-86673165,"Size Estimate":-31565408,"Type Name":"in ut consequat","et_62":2080169,"consequat_1":false,"officia_477":-9122990,"ipsum4":"nulla Duis Excepteur ut dolor"},"CEPEvent":{"Prune Age":-21179471,"Min Size":11195759,"etc7":true,"velit_04":"ea aute nisi ex","quic5":-40957921,"ea0":true,"deserunt2":true,"tempor_7":true},"Property Alias":{"Type ID":84028239,"Min Size":-41729052,"Type Name":"et fugiat ut","Peak Value":39048331,"Prune Age":-97914956,"Size Estimate":45606065,"reprehenderite":false,"amet_ca":true},"RuleFileText":{"Count":47803141,"Prune Age":21931298,"Min Size":91193266,"Type Name":"nostrud anim","Size Estimate":24490401,"Type ID":-37232496,"Peak Value":-59857155},"Application":{"Count":-70419193,"enim2":"ad","adipisicing_0":7835828.98680532,"ad_ba":-88399298,"labore_2_4":"id cillum esse","est_c":-20505198.616437465,"voluptate_24":95826362.75244263},"AccessInfo":{"Prune Age":-13769666,"Type ID":-15669431,"Count":26056066,"Type Name":"dolore","Min Size":-61147287},"OverriddenPegaRules":{"Type Name":"ex in nulla","Type ID":60950793,"Count":-42546905,"Prune Age":52248532,"Min Size":-79001008,"Peak Value":98043922,"Size Estimate":18947088},"exdc":-96798518.14905502,"aliquip082":80270280.92498788}
