{"schema":{"fields":["ad"],"delimiter":"qui Duis ea"},"values":{"enimd":-17002474.45933929,"elit_6":-31306400.547659636,"laboris_65b":47040331.54087904,"sunt_5f":33686357.80844399},"currency":"McI"}
