{"hour":-8826904.161168069,"minute":62908989.88679165}
