{"gender":"female","nostrud_84":67337685.77197486,"sitf":-66122924.22946311,"exercitation9":42083161}
