{"configuration":{"nisi_a":-88551371.82233799},"culpa_4f":80761186.76375139,"cupidatat_b13":false,"aliqua_a":53404138,"qui_0":-88188941.66898516,"minim_e":"magna eiusmod cupidatat","idf59":"deserunt officia"}
