{"ex_":14894337,"tempor_1_4":75780711,"occaecat_4":"pariatur in elit occaecat","doe":false,"dolore6":true,"Excepteurfd":"tempor","adf8":false,"incididunt_70":54778473,"in136":true,"fugiat_d6":true,"in__3":-77635247,"occaecat_17f":-47306959,"adipisicing__":47993608,"voluptate9":false,"elit8":98219796,"tempor6a6":-65704452.455715545,"deserunt_0":"nisi","dolor_7b":"in dolor dolore","veniam0":false,"ut_5b":-51437274,"minim2":-38223714.71141874,"irure7":true,"voluptate_a":32727007,"sit_8e":false,"eiusmod_8e":1065484.890642792,"esse4":-53016714.01549579,"sed_52e":false,"reprehenderit_3":81896202,"Duis9":"deserunt sint","quis_88":7915550.380890891,"esse5":-79193332.34048942,"laboris_e":-59734607,"dolore020":-21288766}
