{"x":-92494343.98599198,"y":-59102797.269747235,"z":50901603.40958944}
