{"id":96551280,"velit_4f":75997912.2266325,"ut30":"tempor elit Duis","qui8":11217727.609773934}
