{"name":"exercitation in incididunt","color":"Green","vector_of_doubles":[48912214.379048765],"testhashu32_fnv1":-69282705.49925002,"pos":{"z":-45598218.4154148,"test1":-76633818.58362444,"test2":"Red","x":-63732524.816788726},"testhashu64_fnv1a":57351056.58441234,"testnestedflatbuffer":[-33879248.428780474,98979553.97010404,46243514.25513363,33636180.64491658,-96165726.62904672],"testhashu32_fnv1a":89952906.66575527,"vector_of_co_owning_references":[-31543357.4350684]}
