{"subA":{"propA":27224282.013198227,"propB":51569039.72354838},"subB":{"propA":63713733.9768655,"propB":1229490.5367456377}}
