{"in_7":94034901.00103956,"sedc":-65400585.03995092}
