{"i1":15590083,"i2":39749640.5710915,"v":"sunt quis","varray":[-92021658.10164678,-62021163.32097751],"scale":[56860758.410778046,55028078.56065267],"strs":["tempor cillum"],"x":{}}
