{"fugiat_63d":"exercitation anim non ea cupidatat","dolore09":61108661.19436985,"exercitationbc8":37341145.836538196,"essea":-42718825.52983022,"Excepteur_e6_":false}
