{"grocer":{"elit_9":-69206014,"sunt3":-69770925.69176295,"nisi_a2":"aliqua dolore in","sit465":false,"ut_f40":61367170.79202753},"nostrudd":23443063}
