{"scaled":-0.7173221231022224,"max":-30469099.012615606}
