{"datetime":"consectetur enim irure amet","anim_90":-87710355.41065082,"enim_ce":27455206.859424666}
