{"errors":["eu aute qui ut","nostrud reprehenderit deserunt dolor anim"],"veniam_862":"aliquip consectetur non","aute0":59377236.742495626,"nisi_1":-40314465.74142885,"nisi_09":63668703.60341421}
