{"wct":{"verbose":false,"sint_68f":-33441606.271461174,"et__":30722703.648032427,"id_be":-52639709}}
