{"in_dd0":27458439.707300946,"eu_373":-55212665.72261916,"in_32":-5996725.549282014}
