{"contributes":{"typescriptServerPlugins":[{"name":"ex Ut sed et","enableForWorkspaceTypeScriptVersions":true,"do_b5":52327061.20310292,"in35":14677143.989499092,"nisib0":"id ex sed","reprehenderitbaa":-67793416.36422224},{"name":"aliquip","magna_5f":9346281.204682902,"minim_5":73379714,"consequat_6e":-50312674.0021099},{"name":"exercitation mollit","enableForWorkspaceTypeScriptVersions":true,"ad__22":-63723169,"minim_7c2":-61698743,"dolore6e":51507178.32792297,"utf":9026580.787391499}],"est2a":"eu ipsum mollit ex","est_ac":"pariatur ad sunt exercitation","eiusmod_6":false},"laborum_1":96183079,"fugiat_29":-23441030.11730528}
