{"aliquac_a":true,"in676":51153258.53284794,"culpa_975":true,"consequat763":true,"tempor_6b":true,"consectetur_7":"Lorem ut sunt ex fugiat","minim_":"esse","sunt5":-95852604.18574814,"dolore_d1":9677281,"eiusmod_dc2":62460499.017796904}
