{"global_tags":[],"identification_format_version":69709551,"minimc":-81352312,"incididunt_c":-56799122,"dolor_15":-13790748.772270113,"Loremfe":20525352.071991295,"consequat37":true}
