{"distance":62195981.372560985,"Duisf84":-42380650.128728755,"esseb":false,"idd71":-29072416.681119367,"reprehenderit__d4":"nulla"}
