{"id4_":false,"fugiat_1_":18639983.516597882,"in_b0":"cupidatat sit do Lorem","proident7bc":-56595206.01186676}
