{"gate":{"arch":{"x":69374708.3537038,"y":-94249139.97536972},"gate":{"x":30615484.027928293,"y":-5777553.379092738}},"imagePrefix":"Lorem","moat":{"moat":{"x":56663810.855766386,"y":7073048.562235713},"bank":{"x":16050430.108381703,"y":-7741202.8267534375}},"shooter":"officia magna","static":{"top":{"x":-77575916.47266677,"y":-24391232.277369305},"bottom":{"x":99376809.90238169,"y":88118015.15930316},"background":{"x":4251183.060218051,"y":-3643344.4425353557}},"towers":{"keep":{"battlement":{"description":"Location of battlement, part of tower that covers shooter"},"creature":{"description":"Location of shooter in tower"},"tower":{"description":"Location of main segment of tower"}}},"walls":{"bottom":{"x":-93237767.77041957,"y":-27936184.261071205},"upperMid":{"x":-64810360.07722234,"y":-15684792.878347322},"bottomMid":{"x":-81224075.05915552,"y":7843088.538417265},"upper":{"x":4762341.464340031,"y":18546953.395688698}}}
