{"utfc2":33343541.626365975,"magna_b21":"magna dolor ullamco Ut esse","cupidatat5":73673530.34900916,"aliquipa53":61284617,"eub3":"veniam","laboris_c6":false,"adipisicinga8d":false,"dolored":53995940.430398494}
