{"d":-53809182.1986296,"f":-72565317.28869459,"i":-45967714,"i16":73849051,"i32":-51101288,"i64":-42063269,"i8":-19524668,"l":-63248349,"num":8252185.824982882}
