{"veniam_c":96877839,"in_8":26303561,"reprehenderit_6":"ipsum","minim_05":84624684.35503426,"amet_90":-33525185.385714762,"in_d":40072740.43595803,"exercitation_c4f":53421809.11909753,"fugiat1b":"officia dolore irure ullamco veniam","proident7f8":22898160,"utb":true,"suntd5a":74693563.81487131,"dolore21":false}
