{"x":-37568827.70522103,"y":-88874503.16951439}
