{"type":"request","method":"velit","request_data":{"sint_a74":-47033116,"laborumc":46552198.22058961,"nulla_58f":21844133.72625445},"request_id":44910664}
