{"number":-18591063.130406752,"culpa511":-46074928.42120946,"Utc7":true,"enim__b":false}
