{"field":"ex occaecat ullamco in","maxValue":57498334.60319117,"minValue":-99410903.18818255}
