{"wkid":-17906755.56057027,"vcsWkid":-66708048.88380037,"latestWkid":-15620560.987692535,"latestVcsWkid":-48401164.580849}
