{"levelValue":"officia sit dolor","resolution":-25539059.331789553,"level":37336361,"scale":44409687.106028736}
