{"size":-59858513.86618126,"value":77158598.47379023}
