{"protocol":"-1","cidr_blocks":["in ullamco consectetur reprehenderit aliqua"],"from_port":-43749383.444767974,"to_port":57277255.73526555}
