{"minNodes":36975609.74518884,"maxNodes":88348134.57294267,"enabled":true}
