{"onLoad":94335622.9261668,"onContentLoad":-17988305.75409478,"comment":"qui fugiat tempor dolore sunt"}
