{"send":85526738.86349815,"wait":42139917.85390526,"receive":78195756.35878277,"dns":-21892662.1494215,"comment":"Lorem","blocked":-47392777.029379204,"connect":-2209467.471918851,"ssl":70983526.54199287}
