{"ceph":{"cpus":83417144.02457537,"mem":48627518.55009086},"service":{"name":"ut eu ullamco","dolor_5":32857761.487568915,"ut66":"sit"},"networking":{"cluster_network":"laborum occaecat nulla qui","public_network":"nostrud mollit ipsum tempor","external_access":{"enim_76":false,"Lorem_712":-97992301,"veniam_4_9":65431974},"ceph_api_port":31972867.4892195},"nullabd":true,"in42":true,"non__":-61947307.85381757,"dolor801":-45977582}
