{"bitbucket":{"cpus":48231857.92465432,"mem":70213612.37077962,"instances":66779236,"name":"culpa fugiat"},"occaecat67":27491022.704898074,"deseruntd_":80551176.1824485}
