{"bookkeeper":{"cpus":54828331.32276146,"mem":75872092.48529084,"instances":5730179,"service_port":69963051,"zk_client":"ipsum eu aliqua veniam"},"sunt__19":92609870.85157731,"elitf65":false}
