{"dolore_1a":44161969.37204355,"commodof":24738860,"consectetur__":false,"fugiat5":-64501064.4241824}
