{"networking":{"service-port":-20406553.5929078,"https-redirect":true},"storage":{"data-size":47883110.26475999,"config-size":24882329.27269411},"service":{"name":"mollit dolor cillum sunt","cpus":59344963.01144433,"mem":73204422.75508434}}
