{"linkerd":{"admin-port":-33386457,"cpus":72988786.2246625,"instances":48360057,"mem":33268152.59058182,"resource-roles":"commodo Duis exercitation veniam","routing-port":-73911181}}
