{"linkerd-viz":{"cpus":4141233.8822798436,"mem":74393727.99833414,"public-port":-6884438,"resource-role":"irure sit reprehenderit","stats-port":45543183,"dcos-ui":true}}
