{"eu_f4d":-96997308.90927847,"nostrud_500":-32326958.470361292,"Excepteur1":-2988185.9955612123}
