{"configuration":{"labore_80e":-99139119,"commodo_90d":-45402021.83777176,"inbc":29604686.38022591,"mollit_773":-38693248.37018424,"sedaec":true},"service":{"cpus":3530960.538447202,"mem":74992863.93105797},"storage":{"host_volume_influxdb":"anim commodo culpa consectetur est","persistence":{"volume_mode_influxdb":"officia ut ea ipsum commodo"},"reprehenderit9bd":-4440845,"incididuntf":5220595.063574597},"networking":{"port_api":-69828151.48748416,"external_access":{"voluptate_b2":90909753,"adipisicing08":"ipsum anim dolor adipisicing","irure09":-73545696.92257392,"quis973":"culpa dolor"},"pariatur_8b_":false}}
