{"kong":{"cpus":64980700.930226,"mem":91072619.35576122,"instances":17457144,"name":"labore Ut nostrud","role":"officia ad laborum laboris voluptate"},"aute_e":-37228281.007385135,"elite":-95358481,"anim_35":41000937.66322473}
