{"linkerd":{"admin-port":-64246276,"cpus":22097812.035675306,"instances":77416525,"internal-port":-43697579,"mem":82285072.39775804,"resource-roles":"incididunt","routing-port":61901615}}
