{"service":{"cpus":30287727.80239192,"mem":36962688.516950704},"networking":{"port_api":19006484.169050932,"external_access":{"enable":true,"external_access_port":71229788.15740594,"in_53e":80429323.54632142,"cillum04":true},"port":-80263221.59924835,"anim_58":85314507}}
