{"service":{"name":"magna sit cupidatat commodo","role":"tempor nisi magna et","principal":"fugiat ut veniam sint","cpus":-17773677.895985156,"mem":22571384,"heap":98368454,"api_port":10550449,"placement_strategy":"Duis sed ex esse consequat","secret_name":"ut culpa"},"name_node":{"cpus":71708378.02722976,"mem":-88960645,"disk":-65435196,"heap":-96242615,"disk_type":"elit tempor mollit dolore"},"journal_node":{"cpus":70704577.6286428,"mem":62021880,"disk":-26758021,"heap":-78424298,"count":73373975},"data_node":{"cpus":5429693.357402727,"mem":22258595,"disk":-2427807,"heap":-60207896,"count":90163129,"disk_type":"ex consectetur in"},"executor":{"cpus":82489883.74749348,"mem":-76325192,"heap":6579959,"disk":27417712},"hdfs":{"name_node_rpc_port":89839742,"name_node_http_port":97180501,"journal_node_rpc_port":16567292,"journal_node_http_port":14833902,"data_node_rpc_port":-73145267,"data_node_http_port":81814392,"data_node_ipc_port":-46499502,"permissions_enabled":true,"name_node_heartbeat_recheck_interval":23078165,"compress_image":false,"image_compression_codec":"pariatur eu"}}
