{"linkerd-viz":{"cpus":47404750.41114063,"mem":6643082.246108021,"public-port":67551439,"resource-role":"deserunt in aliqua","stats-port":48707402}}
