{"openvpn-admin":{"instances":67802608,"cpus":23697713.437711053,"framework-name":"ex culpa","mem":35897325.03724084,"deserunt27":-91764297}}
