{"openvpn-admin":{"cpus":63002749.13629646,"mem":73524102.24339253,"instances":35777465},"service":{"name":"est ex do"}}
