{"nostrudc7f":false,"quis3":38230698.63484883,"quisb":-91992341,"consectetur_c":96423816,"id_7d5":false,"dolore_76d":false,"culpa08a":-18661806.120011717,"aliquip_e_6":-45218036}
