{"postgresql":{"cpus":55624983.28190924,"mem":28945540.177973177},"networking":{"host_mode":false,"port":74754487.06130704,"external_access":{"enable":true,"external_access_port":-48365101.0823547,"commodo_8d7":-63839600.29695066,"incididunt_d61":92213959,"veniamb24":"ea quis non","dolore_c":-46645256.12360193,"Excepteur6":-94207068.6114239},"minim_a9":-16328903.6006836,"est8d7":80009783},"service":{"name":"est ea in eu","Lorem_6d":"labore","non_0":-91483386.9014137,"velit28e":-87482591},"storage":{"pgdata":"mollit cupidatat","persistence":{"volume_size":68083830.9761579,"laborisa4f":-64918363.05741057,"nulla532":21458122.931626856,"quie":91596558.56248793,"dolor0":-45846475,"et_a__":88275447}},"database":{"initdbargs":"culpa est qui","password":"officia cillum adipisicing","username":"Lorem","dbname":"ut amet ut labore qui"},"laborum0":52510085.49411279,"id_5df":-44307760.62491528,"nostrud_ac":"aliqua dolor"}
