{"networking":{"nostrud22":false,"pariaturc29":38535373,"eu59":26828599,"aute_02e":47962003,"magna_b":45234972.296512246,"ullamco__":-81556370.11851406},"est__2":19869771,"aliqua9":"non"}
