{"a":{"a":33405550.586619005,"c":47918926.73853129}}
