{"Excepteur0d":22360171,"dolore_a9":79413425,"aliqua_e":64761901,"ut_58":false,"ut___":true,"ullamco_d0":-83712247.2434868,"eu__1":"non ut occaecat","pariatur_dc":"velit irure occaecat commodo sed","sed_23":39695667.29994628,"exercitation48":"sed amet incididunt nisi","ad5_":"est amet do veniam","consectetur8":-75255619,"consectetur7":-24741521,"fugiat_779":61420693,"eiusmod_94f":false,"nostrud9":34027114.19671434,"in_94_":-92397216.64632286,"incididunt6":-12811895.564801782,"nisi_b65":81877038.9787069,"enim_e4":-99541310,"ut__a":"labore","sint_fc":-15170522.986218497,"enim_b":42712248.86931983,"ipsum4":"commodo anim occaecat ut adipisicing","mollitf":-71334098.55111803,"consectetur93":"ad eiusmod ullamco exercitation nulla","esta0":false,"dolore_a":true,"tempor48_":13675172}
