{"startTime":"do ex Lorem cillum","fugiat4f2":95172981.25609869,"tempor7c5":86222726.87459281,"culpa23":-9027796.492534488,"nulla0f":53787058.863658965}
