{"columnCount":-22787551.77397147,"columnDefault":{"wrapWord":true,"paddingLeft":74987080.98465842,"paddingRight":-21994995.63626106,"alignment":"left"},"columns":{"6846935760":{"truncate":72987769.34940746,"paddingLeft":21365698.163728327}}}
