{"sint_681":false,"veniame":"et eu id deserunt","minim_":78348333,"ide0c":-32139568.981512487,"do_7f2":"cillum","Excepteur_487":-46809366,"in_ed":-48625580.33625692,"sit_95":14729017,"irure97":71674282,"id10a":-4560719,"cupidatat__2d":"aute ullamco occaecat nisi sed","ut_b6_":7580779.852387294,"fugiat_":"irure amet veniam sed proident","eu9":true}
