{"labore_59":"qui","laboris_e2":-66867659,"velit3":-94304574.53712884,"dolor_3ec":51103156.63768348}
