{"custom_field_answer":{"eiusmod8_2":73657488,"magna__":96639877.8139207,"enim_6_":"fugiat","velit_fa_":-64540826,"ut_1b":81773747.71461478,"sit3_7":"culpa Duis","incididunt_a":59492776.71610007,"adipisicing_42_":true},"tempor4e":68797551.74052903}
