{"Ut_b":32227461.570632562,"fugiat4":-80392389.05895373,"sintfb":"nulla aliquip minim tempor","fugiat36":53326790,"cillum0":-78798997.32684165}
