{"aliqua4a0":98060285.63598087,"commodo__8":-69006882.41668029,"magna__7":"sed Duis quis"}
