{"doloref":-78334689,"Loremc":37834614,"exercitation_a":false,"suntf57":-77328222.36537711,"laborum_c":81559431.66871026,"deserunt_5b":"laboris in voluptate nostrud"}
