{"fileSize":30013536.857135788,"contentType":"sit commodo ut ex irure","fileDimensions":{"width":-10695701.882570013,"height":6786601.836302578,"Duis__67":-45846401.01895303,"labore_98c":-6482351.16780062,"in_d1e":false}}
