{"type":"file","fileSize":89172559.19582257,"ullamco_06d":-40128807.64588749,"inb9":false,"in_e38":-39308877.99321212}
