{"integration":{"ag;)lg=E#":-5248457.480812088,"!]D":-75750731.86848783},"deviceDisconnect":{"Yq?zxom":96646626.51491085,"=VDI`?tpN":73725065.19655314},"virtualButton":{"VA":82341435.12609243,"D\\(X[ Jf#":73781283.77363268,"$33)bqq_>":-26335587.224724665,"VD":24346807.512953147},"webhook":{"K4u:$uk":24866952.883996606,"g72:!SU":78566240.17627013},"event":{">zfw7=R":-12525007.901851907,"ck":6242421.690599993},"deviceConnect":{"=Wi[jiv/":2765566.1094500273,"X\\a&k5(":-44633794.64720889,"TV5)e":-81045821.58017513,"~":45877835.54073158,"ZjT2":60443650.1531921},"deviceCommand":{"69-2n~\\7":-33587257.289199404,"2eb^5/P":14655916.113150313,"!EpP?R,'y":-49755129.75363583,"_FO":-12328228.106186941,"bN1;\\D][":-88724678.93857259},"timer":{"4":46839824.07214397,"tci=o_":23501112.8416363},"deviceState":{".}/\\":-76406302.9324241,">":-78386179.43331294},"mqttOut":{"`LZ\\Kz2s":55563279.59549865,"z#":83324755.37705985,"f[":-81051702.240873},"endpoint":{"":-9572370.882631049,";-0":99474251.24792853,"z":-2310754.1818234324},"dataTable":{"ly2]b":-84597646.14368965,"Ck%[d\\V":-64698182.233842604,"rhV0b":-90231008.63205804},"mqttIn":{"a@Z":-1523804.2609211355,"Q*K:":45278695.75873482}}
