{"propA":-15845452.392794132,"propB":{"propA":{"propA":80283146.68171537,"propB":{}},"propB":{"propA":{},"propB":{}}}}
