{"laborum_901":-34643126.27123949,"officia6":true,"aliquip_e7":false,"culpa8cd":false,"velit_f5":47727840,"minim_010":false,"eu_66":-64486095.92444843,"mollit2":"aliquip magna Ut do in","ut2":"minim proident nostrud eiusmod","in_c4":58486263.79702151,"consequatf7":-86178643,"ea_d":false,"velit_e4":"dolore nostrud","Ut55":true,"tempor_a8":-74202375}
