{"groupId":"dolor et esse","commodo_d":-85798125,"incididunt26":-8102510.73454386,"dof8":81356825,"ex79":true,"incididunt_1":-92544118.77303296}
