{"enim_5d0":-74974990,"estb":-57612579.45789544,"enim6_9":-15283365.554942697,"dolor_a8":"pariatur dolor deserunt consequat","Duis_b":58892560,"elita27":-82712680.3921697,"dolorb8_":"elit minim non aute"}
