{"proident70":false,"velit75":47812530.92527887,"eu10":8839587,"doloreb":false,"dolore_e6":-32891595.42213378,"exercitation_d":72074688,"in2":false,"minimc_2":-95706716,"inf":"in aliqua"}
