{"viewportHeight":37941793.159773484,"viewportWidth":1079054.0598087483,"scrollLeft":274250.2588483691,"scrollTop":55519635.00114864,"scrollHeight":50999674.46994307,"scrollWidth":20175319.45488358,"totalEngagedTime":11006720.970221285}
