{"count":-96447867,"in_8":false,"nulla51":"reprehenderit consequat laboris incididunt","officiab":-51047307.59931235,"commodo_f":69708199,"laboris_0":-78726317.19834553}
