{"eiusmod_d":"cupidatat adipisicing magna commodo","sit03":-55649509,"ut_a":-45239611.01108278,"officia7b":false,"labore2":15358609.640642166,"incididunt_1bb":true}
