{"magna_fab":-12059403.901961252,"nisi_d0":-83641907.40718746,"cupidatatf":71854654.741575,"non_49":66913471.52657011}
