{"type":"in ad sed proident","object":{"non_f":-55767953.53310313,"do_33d":95923390.74095294}}
