{"runAsUserName":"aute voluptate proident labore sunt","ex05":-64426301.228417814,"velitb8":-51611109.32395352,"sit_bf4":25387070.44345343,"ipsum_4":"sed Lorem magna","cupidatat_9":-35622212.19280812}
