{"groups":null,"consequat91":-28030928.908232823,"fugiat2":90066575.3225092,"id_523":-97835545}
