{"ready":null,"dolor_3":"velit reprehenderit nulla","tempor5":41191677.41752845,"pariatur_":-8762990.076272994}
