{"medium":"laborum ipsum ad magna id","quis_1a":45172113.68647063,"ullamco_cde":-83423260.7169941,"et753":true,"nullae9":false}
