{"configMapRef":{"optional":false,"laboris4e2":"laboris","eud0d":-76326967,"in_fc7":-5468412.702573299},"prefix":"mollit velit Lorem","secretRef":{"anim_6":-55962659},"consectetur_3":4179279,"nostrud0":69520739.59142807}
