{"rule":"dolore ea exercitation","velit_2":54098263.10737085,"laborum6_b":52052769.47175586,"et724":29397183.64533013}
