{"voluptate0":61399933.82849717,"anim_d5":71569824,"do8d":-28053241.702940747,"ametc":"est ea","consequat_81":-47884273.84232956}
