{"incididunt_b":"ad veniam","Ut_f_":-38428999,"ipsumb":49536717.03971997,"consequat98":8186253.500446126,"ipsum__3":-44763858.74816784,"velit1":"deserunt Excepteur laborum"}
