{"sit_e":77735135.77255002,"ut_e":-81830434,"laborum_83_":false,"Lorem_b52":58091800,"tempore2_":-97037248,"qui_a22":87461532.84808517,"enim1":-2233467,"ut_b":"ipsum","aliquipc":69966537.75133032,"in_2c0":9270632}
