{"consectetur7d":"aute cupidatat est in","nulla_4d":true,"ad0":-8825069.359335735,"irure_2":-58656286.189284354}
