{"nisi5_c":-24677941.975510582,"Duis3":-18193812,"eiusmod_0":"amet aliqua ex aute dolor","temporb29":31990687.66927305,"deserunt_88d":true}
