{"configMapRef":{"name":"aute ea Duis","eiusmod_08":true,"reprehenderit3":48955284,"ut_52":true,"aliqua_4":false,"cilluma7b":false},"secretRef":{"consequat7d":-19955923.438055873,"ut_3":-59709923,"incididunt_c76":-72162120.65303074},"prefix":null,"Excepteuree":-761869.8734628707,"enim869":false}
