{"fugiat_d":false,"ea_1_6":-68798722.32289861,"occaecat7":35873217.84547174}
