{"culpac8":-32526452.043710068,"commodo_b48":"mollit ipsum aliqua laborum","tempor_3":84132191.25592187}
