{"eiusmod_560":-61595652.266251475,"exercitation_f":18653771.204900995}
