{"enim_791":-54020940,"cillum0":-29564973.34017314,"Duis01e":"aliqua laboris","nostrud3bf":-8612782.2954043,"cillum_43":false}
