{"mollit_7":76341317.52036959,"enimc8a":"Excepteur est amet","in83":false,"ad_4d":98414769.80520505}
