{"apiVersion":"policy/v1beta1","kind":"PodDisruptionBudget","status":{"disruptionsAllowed":-27068566,"currentHealthy":-88677702,"desiredHealthy":1912613,"expectedPods":54682786,"disruptedPods":{"adipisicing37":"ut sit"},"observedGeneration":79536893},"metadata":{"creationTimestamp":"sit sed anim","generation":42830261,"namespace":"ut anim mollit dolore","amet_51_":"in ea Duis non ad","pariatur_1":true,"minimb8":-71547460.69068545,"dolore_e02":-31252738.81191455,"amet_1":69119876,"id_c":"Excepteur","veniam86c":-8423082,"culpa_cd":83848774,"cupidatat_718":9722148,"laborumee":-3494796.7581286877,"occaecat_1":67733263.69864136,"non6e_":true,"aliquip8f":16701726,"esse93":-39648011,"nisi_4":false,"consecteturb":27529447,"ad38":"aliquip"}}
