{"storageClassName":null,"sed__9":-49999624,"pariatur39":62746332.97957456,"nullabbd":-37977371,"commodo_88":-15657056.710056111,"ullamco_9da":-1342436,"nisie":-4882138.349905357}
