{"name":null,"amet_8":26376490.941506162,"cupidatat_1":80890655.78033096,"aliqua_875":false,"laboris_0":"minim dolor cillum"}
