{"options":null,"searches":null,"inf9":-56339107.73580815,"laboris_d77":"Lorem","velit_1":-21152276.53183122}
