{"cupidatat_c":-95603662.84523454,"proident_09":5342553.615627959}
