{"items":null,"metadata":{"remainingItemCount":-62554925,"resourceVersion":"in ea nulla Lorem","cillum_3":-17811013.816079453,"qui_3":-3581664,"ea1":24617404,"voluptateb27":78831245.6740726},"kind":"PodPresetList","apiVersion":null}
