{"selector":{"id_393":"dolor","veniamc":42485524,"consequat_d":-80301381},"anim_d0a":true,"eiusmod_1":62012224.300234824,"enim_b":-80106245.45297112,"fugiat_b5":73917292,"Lorem_9":-44358207.56127384,"laborume17":"exercitation","enim_7a":37170938,"Duisfe1":"minim quis"}
