{"irure870":89847185.54679826,"id94":-62245118.15288079}
