{"limits":null,"requests":{"ut6":-81673257.81782262,"nostrud85":88331538.15198278},"quis_9ab":-1916790.1908120513}
