{"defaultMode":54484479,"Lorem_9":"et nostrud in","laborum_d":false,"sed_cb":true,"essecb":96872001.59894344,"reprehenderit1":42094426.08813298,"tempore_":false}
