{"namespace":"cillum aliquip proident","mollitb":78765504.1913555,"ut_c4":96662483.5491747}
