{"id_f":78055365.4948161,"sint_ea3":"enim mollit aute aliqua","amet_6":-81348392.8242249,"ut6":true}
